booking_id,passenger_id,flight_id,booking_date,status,seat_number,status_was_unknown,passport_hash,booking_total_amount,payment_count,payments_missing_amount,has_payment
B1000,P1591,AI192,2025-06-14 11:37:36.951,CANCELLED,3D,False,cf099ba2aed1273b,,0,,False
B1001,P1803,6F026,2025-11-02 11:37:36.951,CANCELLED,18A,False,c835f24acf0402f3,,0,,False
B1002,P1083,SJ010,2025-08-25 11:37:36.951,CANCELLED,30C,False,9201cf47f69eeabc,8593.08,2,0.0,True
B1003,P1364,AI069,2025-12-30 11:37:36.951,CONFIRMED,33A,False,ae804d8e0656b009,,0,,False
B1004,P1885,UK003,2025-10-02 11:37:36.951,PENDING,25C,False,9f7acf9be4637ae0,12222.48,1,0.0,True
B1005,P1548,AI048,2025-08-31 11:37:36.951,CONFIRMED,13D,False,fa63a12df3e28897,13378.9,1,0.0,True
B1006,P1341,AI140,2025-06-29 11:37:36.951,CANCELLED,17F,False,0c16aa942cbd1d10,14980.37,1,0.0,True
B1007,P1838,UK167,2026-03-12 11:37:36.951,CONFIRMED,22E,False,eba1c99711916f5f,,0,,False
B1008,P1406,AI245,2025-09-07 11:37:36.951,PENDING,34F,False,6e34ad5c78184ae1,,0,,False
B1009,P1424,SJ158,2025-04-28 11:37:36.951,CANCELLED,33C,False,7efe106a347ff1f2,,0,,False
B1010,P1743,AI155,2025-11-24 11:37:36.951,CONFIRMED,15B,False,2a05178956ccb946,,1,1.0,True
B1011,P1092,AI179,2025-10-25 11:37:36.951,CONFIRMED,22C,False,59327be2e9cbc099,2115.18,1,0.0,True
B1012,P1847,AI137,2025-08-15 11:37:36.951,PENDING,28B,False,ee80b05427d58a1b,23702.39,4,1.0,True
B1013,P1613,SJ001,2025-07-20 11:37:36.951,CONFIRMED,26E,False,3017ecc990c74d89,1176.33,1,0.0,True
B1014,P1411,SJ172,2025-09-15 11:37:36.951,PENDING,21E,False,0f8c75dcc7f991b6,,0,,False
B1015,P1431,UK094,2025-10-21 11:37:36.951,UNKNOWN,6F,True,09c9adf2a75f470e,19609.66,2,0.0,True
B1016,P1677,UK027,2026-01-13 11:37:36.951,CANCELLED,6A,False,b3c1677477311cf2,23800.77,2,0.0,True
B1017,P1158,UK067,2026-04-04 11:37:36.951,CONFIRMED,13B,False,23df18dbf3194be9,,0,,False
B1018,P1013,6F196,2026-03-25 11:37:36.951,CANCELLED,19B,False,908930bfe4fd34da,2588.63,1,0.0,True
B1019,P1372,6F164,2025-07-31 11:37:36.951,CANCELLED,19A,False,287ab12696140513,18621.0,3,1.0,True
B1020,P1224,SJ112,2025-12-06 11:37:36.951,CONFIRMED,27B,False,31d040c25cd0d53b,8150.35,1,0.0,True
B1021,P1504,6F190,2025-12-07 11:37:36.951,CANCELLED,4E,False,f0ea39803d02f37e,6949.93,1,0.0,True
B1022,P1072,AI080,2026-03-25 11:37:36.951,CONFIRMED,16F,False,4efb262075049741,,0,,False
B1023,P1248,6F213,2026-02-03 11:37:36.951,PENDING,24B,False,03978005a743820a,13057.27,1,0.0,True
B1024,P1510,AI115,2025-06-21 11:37:36.951,PENDING,30F,False,b1707dae235ab6d5,4857.79,1,0.0,True
B1025,P1602,SJ049,2026-03-18 11:37:36.951,PENDING,1B,False,40a94df810e6d7b3,36122.96,3,0.0,True
B1026,P1215,AI058,2025-06-27 11:37:36.951,CONFIRMED,32C,False,0d904c0a00d1413c,13204.36,2,0.0,True
B1027,P1972,UK036,2025-07-25 11:37:36.951,CONFIRMED,22A,False,8f6842578d1f9d52,7503.17,1,0.0,True
B1028,P1601,SJ239,2025-05-25 11:37:36.951,CANCELLED,26E,False,b3133232f4c490ee,,0,,False
B1029,P1540,6F025,2025-06-06 11:37:36.951,CANCELLED,19C,False,0b5affd1b11b9d7a,,0,,False
B1030,P1946,6F236,2026-03-18 11:37:36.951,CANCELLED,21E,False,c2d530b5ad9f6fd8,,0,,False
B1031,P1816,AI060,2025-11-16 11:37:36.951,CANCELLED,1E,False,c13a000d0a5c754a,7056.42,1,0.0,True
B1032,P1938,UK021,2025-09-03 11:37:36.951,CANCELLED,18E,False,336622ed8eb5dad8,,0,,False
B1033,P1987,UK026,2025-05-06 11:37:36.951,UNKNOWN,19A,True,8506f80f02a9baa2,17076.39,3,1.0,True
B1034,P1219,SJ179,2025-12-31 11:37:36.951,CONFIRMED,22F,False,84303838454db6af,,0,,False
B1035,P1839,6F251,2025-08-21 11:37:36.951,PENDING,11D,False,da1fab35699fd5c8,,0,,False
B1036,P1726,SJ149,2025-11-24 11:37:36.951,PENDING,5B,False,a8f799de7e08cff1,5144.89,1,0.0,True
B1037,P1220,AI188,2026-03-20 11:37:36.951,PENDING,33E,False,781b93c5561c3098,,0,,False
B1038,P1388,SJ093,2026-01-01 11:37:36.951,PENDING,12D,False,8522a12c1596336f,,0,,False
B1039,P1553,SJ205,2025-08-21 11:37:36.951,CONFIRMED,11E,False,6e2dc7a0482e757d,24656.69,3,0.0,True
B1040,P1646,6F099,2025-08-08 11:37:36.951,CONFIRMED,26B,False,9b766940aadd73e5,,0,,False
B1041,P1041,UK176,2025-05-28 11:37:36.951,CONFIRMED,25C,False,1308ba93e26d6fdf,23580.18,2,0.0,True
B1042,P1675,UK200,2025-12-02 11:37:36.951,CANCELLED,24F,False,e234727f83a94795,14402.39,1,0.0,True
B1043,P1872,6F195,2025-11-22 11:37:36.951,CANCELLED,8E,False,5bb73a40c566f877,8291.6,1,0.0,True
B1044,P1282,6F174,2026-04-12 11:37:36.951,PENDING,16C,False,09127339a233846c,1199.88,1,0.0,True
B1045,P1057,SJ214,2026-03-19 11:37:36.951,UNKNOWN,18C,True,39884b90c6c7eb11,6732.21,3,1.0,True
B1046,P1813,UK059,2025-10-14 11:37:36.951,CONFIRMED,2C,False,9bc32ef94e2fcd6b,26282.31,2,0.0,True
B1047,P1833,6F151,2025-12-29 11:37:36.951,PENDING,7C,False,76bf429d846b4c2d,,0,,False
B1048,P1536,SJ236,2025-09-19 11:37:36.951,PENDING,18C,False,9e9be0c88d727e8b,,0,,False
B1049,P1072,SJ153,2025-07-28 11:37:36.951,UNKNOWN,3C,True,a5f31ffbdbac21d4,,0,,False
B1050,P1884,AI220,2026-01-15 11:37:36.951,PENDING,7D,False,1126e7f6f1167e6a,13350.33,1,0.0,True
B1051,P1922,6F028,2025-07-05 11:37:36.951,CANCELLED,16A,False,bec8713dad0050d3,10875.08,1,0.0,True
B1052,P1128,UK209,2025-12-30 11:37:36.951,CANCELLED,33B,False,0b9afd9e714bed2a,9827.3,1,0.0,True
B1053,P1598,UK216,2026-04-01 11:37:36.951,PENDING,28B,False,0d2e810e97c887cd,7702.52,2,0.0,True
B1054,P1841,AI132,2026-04-11 11:37:36.951,CANCELLED,19C,False,ab5683b780cdff96,,0,,False
B1055,P1425,6F012,2025-10-14 11:37:36.951,CANCELLED,13F,False,92d433ee23e9e3dd,,0,,False
B1056,P1947,UK173,2026-03-24 11:37:36.951,CANCELLED,15B,False,c42ea50382b3dd0e,3173.87,2,1.0,True
B1057,P1664,SJ047,2025-08-20 11:37:36.951,CANCELLED,14F,False,a1fca85c8dd95aaa,12211.2,2,0.0,True
B1058,P1693,SJ043,2025-12-07 11:37:36.951,PENDING,8C,False,60c7cb5d4714fe0e,,0,,False
B1059,P1124,UK140,2026-01-03 11:37:36.951,CONFIRMED,23B,False,3f2e6b596f3525cf,10839.07,1,0.0,True
B1060,P1066,6F086,2025-12-30 11:37:36.951,CONFIRMED,11A,False,3511582f3706da27,11681.98,1,0.0,True
B1061,P1005,6F114,2026-04-05 11:37:36.951,CANCELLED,19C,False,6a0cd5c9a397a26f,31579.8,3,0.0,True
B1062,P1636,UK153,2025-06-12 11:37:36.951,CANCELLED,15D,False,d21887d084e7138b,,0,,False
B1063,P1313,6F149,2025-05-19 11:37:36.951,CANCELLED,9A,False,fbccfa863956dd5c,,0,,False
B1064,P1325,UK145,2025-09-14 11:37:36.951,CONFIRMED,24E,False,5a90485077f8868a,14413.72,1,0.0,True
B1065,P1564,UK010,2026-03-06 11:37:36.951,CANCELLED,7B,False,257dc694477f7bb3,,0,,False
B1066,P1577,SJ003,2025-11-05 11:37:36.951,PENDING,1B,False,f3e35069cbacff82,,0,,False
B1067,P1825,SJ160,2025-07-23 11:37:36.951,PENDING,7F,False,ea0be18a5fa9c2da,17433.34,3,0.0,True
B1068,P1505,UK224,2025-11-22 11:37:36.951,PENDING,23A,False,4d564dd1a04368e5,5274.94,1,0.0,True
B1069,P1081,UK152,2025-08-02 11:37:36.951,CONFIRMED,16E,False,5f4e8498f300e7bd,14992.95,1,0.0,True
B1070,P1598,SJ034,2025-09-22 11:37:36.951,CANCELLED,15D,False,ae5d94bc4d9d75f1,5631.13,1,0.0,True
B1071,P1001,UK215,2025-12-21 11:37:36.951,CANCELLED,15F,False,7e57a3168de1b7da,,0,,False
B1072,P1203,UK089,2025-08-10 11:37:36.951,CANCELLED,18F,False,dc8ea947969c6875,,0,,False
B1073,P1661,6F180,2025-12-04 11:37:36.951,CONFIRMED,16A,False,a26e95383415594a,,0,,False
B1074,P1804,6F188,2025-09-25 11:37:36.951,CONFIRMED,7A,False,39a188d272c3da2e,,0,,False
B1075,P1403,UK131,2026-01-03 11:37:36.951,CONFIRMED,2F,False,a52a63f7936fcc5b,,0,,False
B1076,P1102,UK055,2025-05-04 11:37:36.951,CONFIRMED,12B,False,2d9100e79ed73e4e,8247.5,1,0.0,True
B1077,P1535,UK181,2025-05-03 11:37:36.951,PENDING,3A,False,568079b2fe85b05f,11261.7,2,0.0,True
B1078,P1367,6F077,2025-09-21 11:37:36.951,CONFIRMED,1B,False,ac83e77e4a9a2526,,0,,False
B1079,P1211,SJ085,2025-06-03 11:37:36.951,CONFIRMED,10D,False,f5db369f461d6730,,0,,False
B1080,P1576,SJ023,2025-06-05 11:37:36.951,CONFIRMED,22D,False,1e0ad46208c32118,21169.42,2,0.0,True
B1081,P1960,SJ202,2025-11-13 11:37:36.951,CANCELLED,29C,False,d1a228f49aeac1b0,,0,,False
B1082,P1208,SJ150,2025-09-09 11:37:36.951,CANCELLED,30A,False,3275019f1a84b50d,,0,,False
B1083,P1762,SJ116,2025-05-12 11:37:36.951,CANCELLED,9A,False,9661c0d360a77641,6777.38,1,0.0,True
B1084,P1896,6F270,2025-06-14 11:37:36.951,PENDING,16E,False,202c0927bce7bcc8,,0,,False
B1085,P1116,UK150,2026-03-24 11:37:36.951,PENDING,12A,False,b55dc1e2484838df,11410.8,1,0.0,True
B1086,P1627,SJ237,2026-02-16 11:37:36.951,CONFIRMED,5D,False,e53f55c885797b64,4873.96,2,0.0,True
B1087,P1748,AI221,2025-05-08 11:37:36.951,CANCELLED,2F,False,057137dbdb87b4a0,3191.92,2,0.0,True
B1088,P1477,SJ081,2026-03-25 11:37:36.951,PENDING,31A,False,add5bf00e73c0439,7375.1,1,0.0,True
B1089,P1104,UK189,2025-09-03 11:37:36.951,CANCELLED,25F,False,0f0320e280cbaaae,,0,,False
B1090,P1494,SJ068,2025-05-16 11:37:36.951,PENDING,31C,False,f6d393b0ac25b19d,,0,,False
B1091,P1770,6F043,2025-08-18 11:37:36.951,PENDING,25D,False,14d3380fdc24c772,,0,,False
B1092,P1045,UK187,2026-03-18 11:37:36.951,CONFIRMED,16D,False,c56031fe777d0b83,15898.93,3,0.0,True
B1093,P1822,UK074,2025-05-11 11:37:36.951,CONFIRMED,25E,False,a0de13eee9eba3bc,,0,,False
B1094,P1330,UK004,2026-01-07 11:37:36.951,PENDING,24C,False,3dac3eabd27cb0c7,17560.29,2,0.0,True
B1095,P1215,6F194,2025-07-30 11:37:36.951,CONFIRMED,14B,False,6df535be9215edc6,,0,,False
B1096,P1981,UK068,2026-01-03 11:37:36.951,PENDING,12B,False,8459ffcd40b8f241,18163.89,2,0.0,True
B1097,P1959,6F017,2025-08-26 11:37:36.951,UNKNOWN,34F,True,13b45c913b44c6a1,,0,,False
B1098,P1491,6F245,2025-10-15 11:37:36.951,UNKNOWN,13D,True,1c9f5995927ef419,10455.66,1,0.0,True
B1099,P1812,6F254,2025-12-07 11:37:36.951,CONFIRMED,26E,False,505607d04726192c,,0,,False
B1100,P1921,UK077,2026-03-05 11:37:36.951,CONFIRMED,16D,False,f4aba2a6107e204c,,0,,False
B1101,P1844,AI029,2025-07-19 11:37:36.951,CONFIRMED,3D,False,bf6d5a3b77df4ae9,2214.47,1,0.0,True
B1102,P1448,SJ196,2025-10-06 11:37:36.951,UNKNOWN,15F,True,ee777e459dd65683,24626.69,2,0.0,True
B1103,P1535,AI242,2025-08-08 11:37:36.951,CANCELLED,20D,False,5ae3c0c1e4a49e84,14062.55,2,0.0,True
B1104,P1510,AI242,2025-09-12 11:37:36.951,CANCELLED,16E,False,5e1dcf1239c57e13,,0,,False
B1105,P1457,SJ044,2025-09-11 11:37:36.951,CONFIRMED,19F,False,af3ec99a37663c33,14294.21,1,0.0,True
B1106,P1546,UK063,2025-09-01 11:37:36.951,CONFIRMED,21F,False,0cfc4579ca285e6a,,1,1.0,True
B1107,P1535,AI056,2025-05-19 11:37:36.951,CONFIRMED,30F,False,b41d8d721b0397dd,,0,,False
B1108,P1539,UK207,2025-10-11 11:37:36.951,CANCELLED,14B,False,30f71741f53536ea,,0,,False
B1109,P1483,UK166,2025-12-03 11:37:36.951,CANCELLED,33D,False,4d6aa6e5a21abf2e,13080.08,1,0.0,True
B1110,P1975,6F261,2025-12-17 11:37:36.951,PENDING,12B,False,7c9dee96c605e214,,0,,False
B1111,P1999,UK134,2025-12-25 11:37:36.951,CANCELLED,34A,False,e0b674888f28e407,,1,1.0,True
B1112,P1015,6F152,2025-10-02 11:37:36.951,PENDING,27A,False,44aaa880604acb20,20662.78,2,0.0,True
B1113,P1570,SJ089,2025-11-23 11:37:36.951,CONFIRMED,5A,False,4a95be94dd68fa2a,9457.62,1,0.0,True
B1114,P1976,6F123,2025-09-26 11:37:36.951,CANCELLED,2E,False,db4920bb4f2fc546,8187.33,1,0.0,True
B1115,P1242,AI025,2025-08-23 11:37:36.951,CONFIRMED,10A,False,e31e52be2e32a1e3,8185.02,1,0.0,True
B1116,P1949,6F030,2025-12-05 11:37:36.951,CONFIRMED,19B,False,2f9d47dc133c2e7e,9883.49,1,0.0,True
B1117,P1206,SJ222,2025-09-02 11:37:36.951,CONFIRMED,28F,False,82c65cfd83ef1507,24642.71,2,0.0,True
B1118,P1911,UK109,2026-04-03 11:37:36.951,CONFIRMED,34B,False,7de13af434920bcc,,1,1.0,True
B1119,P1270,SJ117,2025-11-25 11:37:36.951,CANCELLED,21F,False,6f2afbff358279ff,22268.71,2,0.0,True
B1120,P1760,SJ142,2025-08-12 11:37:36.951,CONFIRMED,12D,False,9a3356173de09b21,2571.48,3,1.0,True
B1121,P1993,SJ142,2025-06-01 11:37:36.951,PENDING,17C,False,01e052139ab59c2c,,0,,False
B1122,P1778,AI030,2025-05-02 11:37:36.951,CANCELLED,20B,False,413541438369bc20,,0,,False
B1123,P1704,6F097,2025-09-23 11:37:36.951,CONFIRMED,8A,False,b85680f6034f124e,14525.48,2,0.0,True
B1124,P1846,6F129,2025-05-23 11:37:36.951,CANCELLED,5C,False,649223a267564f50,15753.68,3,1.0,True
B1125,P1729,6F181,2026-01-15 11:37:36.951,PENDING,27E,False,d8c76db2cf80c61c,,0,,False
B1126,P1114,AI072,2025-10-20 11:37:36.951,CONFIRMED,10E,False,9cd202385098d69f,,0,,False
B1127,P1579,SJ154,2025-06-29 11:37:36.951,PENDING,2E,False,4c4540ed0a3f56e5,,0,,False
B1128,P1298,AI031,2026-04-08 11:37:36.951,CONFIRMED,10D,False,26326fdfc9debde2,,0,,False
B1129,P1836,AI031,2025-09-18 11:37:36.951,PENDING,26F,False,553601a226f8b95a,12008.51,1,0.0,True
B1130,P1482,6F158,2025-12-26 11:37:36.951,CONFIRMED,34E,False,71c78bbfc960eb0c,,0,,False
B1131,P1396,6F184,2025-06-16 11:37:36.951,CANCELLED,1C,False,c2fa144984627410,3592.91,1,0.0,True
B1132,P1393,UK141,2025-06-20 11:37:36.951,CONFIRMED,10D,False,21793c415549452e,4677.7,3,1.0,True
B1133,P1074,6F168,2025-12-29 11:37:36.951,CANCELLED,23D,False,7438fa363f8731c2,14200.43,2,0.0,True
B1134,P1977,6F051,2025-07-28 11:37:36.951,CONFIRMED,34C,False,8a6e76b584710e0a,,0,,False
B1135,P1481,6F047,2025-12-02 11:37:36.951,CONFIRMED,20E,False,dd4b50c35a3d20b9,10501.09,1,0.0,True
B1136,P1102,UK156,2025-10-26 11:37:36.951,PENDING,28E,False,d23eb291a8226af6,2857.01,1,0.0,True
B1137,P1296,AI094,2025-09-01 11:37:36.951,PENDING,13E,False,615a7239baaa8ed4,10092.76,2,0.0,True
B1138,P1177,AI038,2025-07-14 11:37:36.951,PENDING,6C,False,a4aa57910e44053a,,0,,False
B1139,P1214,6F255,2026-01-19 11:37:36.951,CONFIRMED,29F,False,cd00ade3ca664254,6016.05,1,0.0,True
B1140,P1966,SJ025,2026-01-23 11:37:36.951,CONFIRMED,29D,False,3edb4625e649eb23,8447.38,2,1.0,True
B1141,P1314,SJ185,2025-10-28 11:37:36.951,CONFIRMED,9C,False,30c731db11864ffd,,0,,False
B1142,P1038,6F259,2026-01-21 11:37:36.951,CANCELLED,5C,False,85456c3cea910d58,4506.21,1,0.0,True
B1143,P1258,6F073,2026-04-07 11:37:36.951,CANCELLED,15A,False,fa8a72603bca6a80,6360.73,1,0.0,True
B1144,P1715,AI091,2025-09-26 11:37:36.951,CONFIRMED,6D,False,4498d857a4e772de,,1,1.0,True
B1145,P1006,6F191,2025-08-23 11:37:36.951,PENDING,15D,False,6516f10098619465,,0,,False
B1146,P1048,UK228,2025-08-30 11:37:36.951,PENDING,25A,False,994cad8919fccc47,,1,1.0,True
B1147,P1537,6F146,2026-03-25 11:37:36.951,PENDING,11E,False,7d0c97764c092960,,0,,False
B1148,P1160,6F068,2025-10-13 11:37:36.951,CONFIRMED,19A,False,6f595de9399bc0a1,,0,,False
B1149,P1868,SJ218,2026-01-08 11:37:36.951,PENDING,30F,False,d0024389b6d481ea,12393.75,2,0.0,True
B1150,P1175,UK083,2025-09-25 11:37:36.951,CONFIRMED,12A,False,cae81913cbdfbf01,12535.73,1,0.0,True
B1151,P1590,SJ007,2026-01-18 11:37:36.951,CANCELLED,29B,False,f89bbd07b28ff6d1,,1,1.0,True
B1152,P1001,AI077,2025-08-14 11:37:36.951,PENDING,27A,False,33f1db2cb6e5307e,,0,,False
B1153,P1894,UK017,2025-12-20 11:37:36.951,CANCELLED,8D,False,d723fbff49f781fd,5774.24,1,0.0,True
B1154,P1454,6F229,2026-02-17 11:37:36.951,PENDING,24A,False,e89296c31edbf206,9979.51,1,0.0,True
B1155,P1927,6F074,2025-10-08 11:37:36.951,CONFIRMED,6D,False,6ad0d5f62a74d464,,0,,False
B1156,P1643,SJ088,2026-03-25 11:37:36.951,CONFIRMED,5E,False,16ddb9efe8e7648c,3413.47,1,0.0,True
B1157,P1275,SJ167,2025-06-28 11:37:36.951,CONFIRMED,18B,False,56f8fe22151b50b7,7902.25,1,0.0,True
B1158,P1497,6F234,2025-07-20 11:37:36.951,CONFIRMED,22A,False,91561030b2ea69d3,14265.47,1,0.0,True
B1159,P1628,UK071,2025-12-10 11:37:36.951,PENDING,22F,False,a0e86f9535f38626,16962.75,3,1.0,True
B1160,P1675,AI178,2025-11-21 11:37:36.951,CANCELLED,29A,False,8173b2e9024b662e,5267.38,1,0.0,True
B1161,P1799,UK104,2025-11-14 11:37:36.951,CONFIRMED,12A,False,fce7144397badc2f,24640.24,3,0.0,True
B1162,P1027,AI146,2025-04-22 11:37:36.951,UNKNOWN,32D,True,38f321599251a7b5,,0,,False
B1163,P1332,SJ235,2025-11-10 11:37:36.951,CANCELLED,13D,False,1f46c2c725b4bc5b,,0,,False
B1164,P1000,6F209,2025-04-24 11:37:36.951,CONFIRMED,24A,False,7d1952b4fcf575b5,2684.77,1,0.0,True
B1165,P1187,AI129,2025-08-20 11:37:36.951,CANCELLED,2F,False,3a3ddf66f8125f9f,43097.99,4,0.0,True
B1166,P1055,SJ141,2026-01-23 11:37:36.951,CONFIRMED,34D,False,012ba99ada62c966,5530.81,1,0.0,True
B1167,P1546,SJ018,2026-02-02 11:37:36.951,CANCELLED,9F,False,55a870c158a59615,27299.79,3,0.0,True
B1168,P1111,UK120,2025-10-14 11:37:36.951,CANCELLED,11C,False,29491fc075b49961,5435.83,1,0.0,True
B1169,P1797,AI078,2025-11-15 11:37:36.951,CONFIRMED,11E,False,a7335df585be0f82,3795.6,1,0.0,True
B1170,P1309,AI079,2025-09-14 11:37:36.951,PENDING,15E,False,6a022b6823fa7dd2,,0,,False
B1171,P1035,UK087,2025-09-19 11:37:36.951,CANCELLED,21A,False,4014a017b9078584,23311.04,3,0.0,True
B1172,P1438,UK133,2026-01-17 11:37:36.951,CONFIRMED,8F,False,f16fec779f246690,25477.4,3,0.0,True
B1173,P1728,AI222,2025-06-01 11:37:36.951,CANCELLED,22E,False,883d474a47069b34,,1,1.0,True
B1174,P1591,6F049,2026-04-12 11:37:36.951,CANCELLED,19D,False,260f6754b1509d59,,1,1.0,True
B1175,P1825,6F105,2026-01-29 11:37:36.951,PENDING,27D,False,f0743e2309e5df2f,10654.9,1,0.0,True
B1176,P1594,SJ226,2025-04-17 11:37:36.951,CANCELLED,7C,False,d0ba191ec26a8109,,0,,False
B1177,P1576,SJ227,2025-07-29 11:37:36.951,CANCELLED,34D,False,49070305be41f02e,12412.89,1,0.0,True
B1178,P1324,6F034,2026-02-05 11:37:36.951,CONFIRMED,34E,False,fb135ae5dc15065e,,1,1.0,True
B1179,P1639,SJ078,2025-10-03 11:37:36.951,CONFIRMED,33D,False,b31454810d0c21c5,10619.52,3,0.0,True
B1180,P1306,AI240,2026-04-10 11:37:36.951,PENDING,22F,False,fa2c7fe254aa721c,,0,,False
B1181,P1533,SJ002,2026-03-29 11:37:36.951,CANCELLED,12E,False,e56583a260410146,,0,,False
B1182,P1727,AI044,2025-08-11 11:37:36.951,CANCELLED,3A,False,5087f40030951cf7,9005.88,1,0.0,True
B1183,P1618,UK076,2025-06-22 11:37:36.951,CANCELLED,8C,False,673ea26a4eb2717b,,0,,False
B1184,P1108,6F232,2025-08-01 11:37:36.951,PENDING,28E,False,c13b72eedf3134b6,,0,,False
B1185,P1371,SJ228,2025-08-16 11:37:36.951,CANCELLED,25E,False,bc84c32aa8b2a75e,13080.31,1,0.0,True
B1186,P1356,SJ074,2026-04-04 11:37:36.951,CONFIRMED,1B,False,369f02970492266c,,0,,False
B1187,P1180,UK229,2025-08-04 11:37:36.951,PENDING,7F,False,f3ab5ba67a55b2aa,6625.76,1,0.0,True
B1188,P1355,AI208,2026-04-04 11:37:36.951,CONFIRMED,6A,False,5e1fc924fb3130b8,,0,,False
B1189,P1675,AI019,2025-11-23 11:37:36.951,CONFIRMED,14F,False,d8c9c170359b25c3,,0,,False
B1190,P1067,6F029,2025-05-23 11:37:36.951,PENDING,12B,False,a4c3c18c6e75d3d2,,0,,False
B1191,P1291,6F018,2025-04-27 11:37:36.951,CONFIRMED,25B,False,4dac5c5b5c117fa8,,0,,False
B1192,P1691,AI059,2025-06-23 11:37:36.951,CANCELLED,7D,False,4d3838c55f834581,,1,1.0,True
B1193,P1180,AI159,2025-05-22 11:37:36.951,PENDING,13D,False,b10a690d1cc85b7d,,0,,False
B1194,P1465,6F091,2025-07-11 11:37:36.951,CONFIRMED,14F,False,d1ddca348539fb06,,0,,False
B1195,P1433,6F084,2025-07-20 11:37:36.951,CANCELLED,10B,False,716aff1ad0fc12e3,19224.28,2,0.0,True
B1196,P1463,UK170,2026-01-15 11:37:36.951,CANCELLED,20C,False,57e7f79cf146680a,,0,,False
B1197,P1680,UK212,2025-05-19 11:37:36.951,CONFIRMED,2E,False,953a6a7e044c6ed6,8876.86,1,0.0,True
B1198,P1913,SJ022,2025-06-16 11:37:36.951,UNKNOWN,29A,True,fa9d6998b54d58ba,1830.32,1,0.0,True
B1199,P1533,SJ075,2025-12-13 11:37:36.951,PENDING,30E,False,9d0588c10e8aa773,13499.52,2,0.0,True
B1200,P1065,UK177,2025-09-17 11:37:36.951,CONFIRMED,16B,False,1a6b451e625dde12,30813.57,3,0.0,True
B1201,P1020,UK206,2026-02-01 11:37:36.951,CANCELLED,3A,False,8c1503b986957a1a,7338.75,1,0.0,True
B1202,P1611,UK079,2025-04-29 11:37:36.951,CANCELLED,29C,False,aa65e0b0742e596c,1973.12,1,0.0,True
B1203,P1383,UK040,2025-06-21 11:37:36.951,CONFIRMED,3B,False,347c11ef20402f4e,12774.63,1,0.0,True
B1204,P1811,AI034,2025-07-25 11:37:36.951,CONFIRMED,30A,False,69fed3602b3a0a95,14106.07,1,0.0,True
B1205,P1614,UK034,2025-10-18 11:37:36.951,CONFIRMED,23F,False,0d93ce3d322aa239,10452.65,1,0.0,True
B1206,P1558,AI088,2025-07-02 11:37:36.951,CONFIRMED,13A,False,edb96a5a080c51c0,,0,,False
B1207,P1038,AI128,2025-06-11 11:37:36.951,PENDING,26A,False,29eae2cfc7702215,10823.99,1,0.0,True
B1208,P1284,SJ052,2025-07-22 11:37:36.951,UNKNOWN,9A,True,e7aa73bd437e3ea7,22071.57,2,0.0,True
B1209,P1821,AI233,2025-12-15 11:37:36.951,PENDING,3A,False,0f7d96d8137d4f72,10307.2,1,0.0,True
B1210,P1601,AI012,2026-01-20 11:37:36.951,PENDING,3C,False,1a475be9aab76657,,0,,False
B1211,P1596,AI084,2025-07-07 11:37:36.951,CONFIRMED,34A,False,65d90c0ca2124381,,0,,False
B1212,P1784,6F126,2025-07-08 11:37:36.951,PENDING,34B,False,b30ff3c46b5828ee,8421.62,1,0.0,True
B1213,P1335,SJ061,2025-06-16 11:37:36.951,CONFIRMED,2E,False,81f7bd765242deea,,0,,False
B1214,P1187,UK194,2025-08-14 11:37:36.951,UNKNOWN,23B,True,77596d5580c6f741,,0,,False
B1215,P1670,AI135,2025-08-08 11:37:36.951,CANCELLED,28C,False,644cbdbc2a904aaa,11951.15,2,0.0,True
B1216,P1242,6F238,2025-12-09 11:37:36.951,CONFIRMED,10A,False,efcd0c9bc982ebeb,19165.81,3,0.0,True
B1217,P1072,6F092,2026-03-19 11:37:36.951,CANCELLED,32C,False,0181d515c439a3b4,,0,,False
B1218,P1478,AI213,2025-11-13 11:37:36.951,PENDING,2D,False,0484ddeef0f5ba44,,0,,False
B1219,P1973,UK193,2026-02-15 11:37:36.951,CANCELLED,1B,False,9d921bc184098392,,0,,False
B1220,P1560,6F178,2026-04-04 11:37:36.951,PENDING,29C,False,006ada8ac7e574a4,11075.72,1,0.0,True
B1221,P1100,AI158,2026-03-06 11:37:36.951,CONFIRMED,19D,False,83ac42f86f1d6e32,18797.11,2,0.0,True
B1222,P1513,UK208,2026-03-30 11:37:36.951,PENDING,8A,False,1bfe7b092bb5c69e,,0,,False
B1223,P1755,6F056,2026-04-09 11:37:36.951,UNKNOWN,15A,True,a82f0290542345e8,1794.08,1,0.0,True
B1224,P1175,UK185,2025-10-26 11:37:36.951,CONFIRMED,1E,False,856a87660a9d30c7,,0,,False
B1225,P1237,AI163,2026-01-13 11:37:36.951,PENDING,4D,False,04b3b5fae3e383cc,3894.65,2,1.0,True
B1226,P1909,AI112,2025-08-23 11:37:36.951,CONFIRMED,15C,False,e259f124f36590ab,8968.11,1,0.0,True
B1227,P1058,AI227,2025-10-23 11:37:36.951,CANCELLED,12A,False,d1217b56bdd0d948,,1,1.0,True
B1228,P1864,SJ083,2026-04-17 11:37:36.951,CONFIRMED,29D,False,d69a6a4608c1c5c9,11716.58,2,0.0,True
B1229,P1098,UK073,2026-02-07 11:37:36.951,CONFIRMED,13F,False,1a73abf0d541bc96,,0,,False
B1230,P1953,6F169,2025-04-29 11:37:36.951,PENDING,6C,False,bc4c6683f3e8deee,4531.77,1,0.0,True
B1231,P1870,UK154,2026-04-06 11:37:36.951,CANCELLED,27D,False,7cf3223d13491a20,11556.42,2,0.0,True
B1232,P1953,SJ169,2025-10-06 11:37:36.951,CONFIRMED,32F,False,2cb2b85090701c1c,,0,,False
B1233,P1494,6F187,2025-05-13 11:37:36.951,CANCELLED,5F,False,f0b6f7aa08598a86,1617.29,1,0.0,True
B1234,P1946,UK210,2025-11-21 11:37:36.951,CANCELLED,33A,False,2031b0e664dabc8e,7984.22,1,0.0,True
B1235,P1979,6F250,2025-12-23 11:37:36.951,PENDING,13D,False,d26afaa990e8287a,1236.74,2,1.0,True
B1236,P1513,AI062,2025-07-05 11:37:36.951,CONFIRMED,25A,False,c892082115ceb3e3,,0,,False
B1237,P1754,AI047,2025-11-16 11:37:36.951,UNKNOWN,15B,True,f4b73e3abfef8e58,,0,,False
B1238,P1296,SJ186,2025-10-20 11:37:36.951,UNKNOWN,8E,True,0031389d411278e9,3231.46,1,0.0,True
B1239,P1210,AI217,2025-11-17 11:37:36.951,CANCELLED,30A,False,21d337fd86066971,8821.9,1,0.0,True
B1240,P1122,UK100,2025-12-31 11:37:36.951,CONFIRMED,17A,False,f1e30e1e5d80a2f2,12241.53,1,0.0,True
B1241,P1228,UK116,2025-12-16 11:37:36.951,CONFIRMED,10A,False,0940121c393897d7,,1,1.0,True
B1242,P1593,6F036,2025-12-01 11:37:36.951,CANCELLED,26C,False,0cdd109ec2ad3819,,0,,False
B1243,P1655,AI175,2026-01-22 11:37:36.951,CANCELLED,29E,False,c637bef0383930ec,,0,,False
B1244,P1387,UK051,2025-08-18 11:37:36.951,CONFIRMED,27D,False,476cd6e28dc06216,4953.56,1,0.0,True
B1245,P1139,6F201,2026-04-17 11:37:36.951,UNKNOWN,26A,True,13b8616bc0731062,3162.91,1,0.0,True
B1246,P1540,6F230,2026-04-09 11:37:36.951,CONFIRMED,33B,False,cb7b9173c9406797,11516.06,1,0.0,True
B1247,P1390,SJ138,2025-08-13 11:37:36.951,CANCELLED,15F,False,c7a24cefd49ba454,7658.69,1,0.0,True
B1248,P1269,AI246,2026-03-04 11:37:36.951,PENDING,16B,False,76ba8d36f392ee39,,0,,False
B1249,P1758,6F179,2025-06-06 11:37:36.951,CANCELLED,26B,False,9c2e64856c8e8b59,5024.44,2,0.0,True
B1250,P1011,6F031,2026-01-28 11:37:36.951,CANCELLED,16F,False,cffbde7154779456,6497.92,1,0.0,True
B1251,P1866,UK015,2025-08-30 11:37:36.951,PENDING,29A,False,511955ab64f9f361,6952.65,1,0.0,True
B1252,P1388,UK001,2025-04-21 11:37:36.951,CANCELLED,27C,False,9237455d8ae39b00,1480.08,1,0.0,True
B1253,P1336,6F133,2026-02-27 11:37:36.951,CANCELLED,15E,False,16ac2cdfef4e609f,16182.17,2,0.0,True
B1254,P1505,6F143,2025-07-22 11:37:36.951,CANCELLED,5D,False,bbc143d401dda9bd,,1,1.0,True
B1255,P1105,UK165,2025-09-22 11:37:36.951,CANCELLED,23F,False,65b32ca5cf6e4cd0,1412.67,1,0.0,True
B1256,P1031,6F083,2025-08-10 11:37:36.951,CANCELLED,22B,False,433b7c05873a8a61,2040.64,1,0.0,True
B1257,P1073,AI082,2025-08-19 11:37:36.951,CANCELLED,11C,False,9ff6a0eabc3dad6f,13028.65,1,0.0,True
B1258,P1170,AI164,2025-10-28 11:37:36.951,CANCELLED,21F,False,8998dcf5e23831bd,,0,,False
B1259,P1848,SJ155,2026-01-19 11:37:36.951,CANCELLED,31F,False,cbfbe4861b38fdd3,12805.67,1,0.0,True
B1260,P1068,AI189,2026-01-04 11:37:36.951,CANCELLED,1D,False,e83b657eca5359a0,16293.86,3,0.0,True
B1261,P1812,SJ057,2025-12-21 11:37:36.951,CONFIRMED,34A,False,47a9fc596e42588b,,0,,False
B1262,P1361,SJ198,2025-05-07 11:37:36.951,CONFIRMED,16F,False,d1f76ae180bdd3ad,10619.2,2,0.0,True
B1263,P1648,6F122,2026-01-03 11:37:36.951,CANCELLED,6C,False,4463cff726776130,12480.9,2,0.0,True
B1264,P1432,SJ097,2026-04-15 11:37:36.951,CONFIRMED,12A,False,06ad12b8f70ec79b,8599.61,2,0.0,True
B1265,P1928,UK203,2025-08-06 11:37:36.951,PENDING,28F,False,b1be100347edaed9,,0,,False
B1266,P1995,UK093,2026-01-16 11:37:36.951,CONFIRMED,27F,False,40d32842e9a9041c,14431.32,1,0.0,True
B1267,P1099,AI205,2025-05-21 11:37:36.951,CANCELLED,32A,False,7ac16f2c585cce4b,16308.98,2,0.0,True
B1268,P1657,AI102,2026-01-16 11:37:36.951,UNKNOWN,12A,True,609d08f9dcbec9d0,13289.27,1,0.0,True
B1269,P1008,6F046,2025-09-06 11:37:36.951,CONFIRMED,4C,False,e8a0fe3a5dcc1c7b,21299.7,2,0.0,True
B1270,P1573,SJ017,2025-06-02 11:37:36.951,UNKNOWN,22E,True,f483405ba4d76347,,0,,False
B1271,P1696,6F156,2025-10-20 11:37:36.951,PENDING,28B,False,0546ae2f76eb34f1,12211.33,1,0.0,True
B1272,P1028,AI068,2025-07-18 11:37:36.951,PENDING,19A,False,b97ca40eadefd678,30432.86,4,1.0,True
B1273,P1892,AI150,2025-06-05 11:37:36.951,UNKNOWN,28B,True,6638b322f6a93b39,9142.12,2,0.0,True
B1274,P1113,UK008,2025-10-15 11:37:36.951,PENDING,20D,False,b3242f367331e913,8582.34,1,0.0,True
B1275,P1461,6F166,2025-07-11 11:37:36.951,PENDING,18F,False,e50d93927aa9f853,,0,,False
B1276,P1920,6F177,2025-07-15 11:37:36.951,CONFIRMED,1A,False,868337c1e873f234,9396.07,1,0.0,True
B1277,P1142,AI196,2026-01-19 11:37:36.951,PENDING,12E,False,e17344f7a7e8ad98,,0,,False
B1278,P1389,SJ191,2025-08-09 11:37:36.951,CONFIRMED,5B,False,f755cc239752c5e8,,0,,False
B1279,P1631,6F019,2025-05-10 11:37:36.951,UNKNOWN,28C,True,8708773f0de02181,5467.05,1,0.0,True
B1280,P1681,AI226,2026-04-12 11:37:36.951,CONFIRMED,33B,False,ca58c292dc13d968,,0,,False
B1281,P1156,SJ207,2026-01-21 11:37:36.951,CANCELLED,4A,False,fb612d9bccf41e75,4413.8,1,0.0,True
B1282,P1334,AI009,2025-12-30 11:37:36.951,CANCELLED,8B,False,2ff931c99697ad70,,0,,False
B1283,P1860,AI103,2025-05-08 11:37:36.951,UNKNOWN,29D,True,c864b5e0f972b851,8606.06,2,0.0,True
B1284,P1259,SJ127,2026-02-22 11:37:36.951,CANCELLED,25F,False,2f2dc3d9c245f6bb,12706.73,2,0.0,True
B1285,P1081,UK188,2026-03-26 11:37:36.951,CANCELLED,25B,False,9cee1588700ccf3c,1207.32,1,0.0,True
B1286,P1753,6F010,2025-09-25 11:37:36.951,UNKNOWN,33B,True,824cea45119f055e,,0,,False
B1287,P1440,SJ098,2025-12-13 11:37:36.951,CANCELLED,5F,False,717082cbf2c5a58a,22303.69,2,0.0,True
B1288,P1944,6F058,2025-12-11 11:37:36.951,PENDING,18C,False,1dc4de323c19072f,9254.89,2,0.0,True
B1289,P1171,SJ030,2026-03-23 11:37:36.951,PENDING,24F,False,7d5d83601a2ed37e,12016.99,2,1.0,True
B1290,P1230,UK175,2025-07-26 11:37:36.951,CANCELLED,16F,False,8e5a781712f11871,13471.57,1,0.0,True
B1291,P1719,SJ108,2026-04-01 11:37:36.951,PENDING,28E,False,74871071240ab0f7,4129.39,1,0.0,True
B1292,P1074,6F075,2025-08-03 11:37:36.951,CONFIRMED,7C,False,e6e64b6a1f43d107,22109.52,2,0.0,True
B1293,P1269,UK222,2025-08-31 11:37:36.951,CONFIRMED,25F,False,d11a501f3a9683ed,6227.3,1,0.0,True
B1294,P1898,6F250,2025-07-13 11:37:36.951,CANCELLED,34B,False,85a1ea7e0b64baba,,0,,False
B1295,P1625,AI096,2025-12-29 11:37:36.951,CANCELLED,14B,False,28e7e84718ce43fd,,0,,False
B1296,P1061,AI216,2025-12-23 11:37:36.951,CANCELLED,1B,False,a96c4a5c3d43e691,,0,,False
B1297,P1873,6F193,2026-01-23 11:37:36.951,PENDING,8A,False,cc41c9a0ff84ab13,,0,,False
B1298,P1319,SJ194,2026-01-02 11:37:36.951,PENDING,6C,False,43b9079e61de2ff8,,0,,False
B1299,P1101,SJ020,2025-09-11 11:37:36.951,CONFIRMED,16F,False,94d8975afc15b381,8842.93,1,0.0,True
B1300,P1428,6F070,2025-06-14 11:37:36.951,PENDING,21C,False,f867f25b81fa7861,,0,,False
B1301,P1873,AI051,2025-09-03 11:37:36.951,CONFIRMED,12A,False,2a5e6db685bb363a,14671.03,1,0.0,True
B1302,P1721,UK219,2025-12-27 11:37:36.951,PENDING,3D,False,b5f20b0efba1e2cd,24221.91,3,0.0,True
B1303,P1953,AI235,2025-12-13 11:37:36.951,CONFIRMED,20A,False,75545baf7ada3c63,19672.95,2,0.0,True
B1304,P1254,6F022,2025-12-13 11:37:36.951,UNKNOWN,18E,True,806bf2519a1c3898,,0,,False
B1305,P1531,SJ114,2025-09-28 11:37:36.951,PENDING,13C,False,e2a9e88ea6a863e5,13844.39,1,0.0,True
B1306,P1569,SJ076,2025-12-01 11:37:36.951,CONFIRMED,30A,False,d060a7e512416d95,9753.04,1,0.0,True
B1307,P1111,UK227,2026-01-26 11:37:36.951,PENDING,32E,False,a6c33abe4e459f98,26271.33,2,0.0,True
B1308,P1984,UK135,2025-07-22 11:37:36.951,CANCELLED,30D,False,99ea5d505dffa8f7,21710.67,2,0.0,True
B1309,P1312,AI234,2025-05-06 11:37:36.951,CONFIRMED,30F,False,a291fcb987f6f9c7,,0,,False
B1310,P1997,6F113,2025-08-20 11:37:36.951,PENDING,5D,False,76120b24457e270c,7370.22,1,0.0,True
B1311,P1460,SJ206,2025-11-16 11:37:36.951,PENDING,9D,False,d5d0a280f3a6cefc,,0,,False
B1312,P1707,AI015,2026-03-29 11:37:36.951,UNKNOWN,6E,True,5d5dda492367280a,,0,,False
B1313,P1886,6F260,2025-05-16 11:37:36.951,CANCELLED,33E,False,26e252e64ebcd81b,,0,,False
B1314,P1461,AI061,2025-04-28 11:37:36.951,CONFIRMED,19C,False,3d37cac45ddfb1c1,7529.51,2,1.0,True
B1315,P1864,6F237,2026-03-26 11:37:36.951,PENDING,9C,False,f3882712e8819f8f,,0,,False
B1316,P1091,SJ099,2026-01-06 11:37:36.951,PENDING,27C,False,5c947c3f4d7d2c2a,11302.63,1,0.0,True
B1317,P1051,SJ146,2026-02-24 11:37:36.951,CANCELLED,21F,False,5fd5efc9182c9a8d,33282.71,3,0.0,True
B1318,P1804,SJ146,2025-05-23 11:37:36.951,CANCELLED,29B,False,dae283efe13b8574,4594.77,1,0.0,True
B1319,P1519,6F071,2025-05-04 11:37:36.951,CONFIRMED,4C,False,61fecfcc44cf9f4b,5359.26,1,0.0,True
B1320,P1811,6F272,2025-08-13 11:37:36.951,PENDING,6C,False,32a1061b13c8795d,22159.09,2,0.0,True
B1321,P1097,SJ029,2026-02-12 11:37:36.951,PENDING,13A,False,e82aaa72e59d3299,,0,,False
B1322,P1235,UK084,2025-07-27 11:37:36.951,CONFIRMED,6E,False,2e75f94a4cdbc9b5,,0,,False
B1323,P1900,SJ048,2026-02-06 11:37:36.951,CONFIRMED,14D,False,5367cf401f288905,,0,,False
B1324,P1373,AI108,2026-02-04 11:37:36.951,CANCELLED,33B,False,eb624f8be1818d2e,7543.0,2,1.0,True
B1325,P1580,SJ134,2025-08-11 11:37:36.951,CANCELLED,3B,False,be03e560ccdfe748,4503.45,1,0.0,True
B1326,P1926,UK146,2025-10-31 11:37:36.951,CONFIRMED,14F,False,0651cd3cd33c3df8,,0,,False
B1327,P1556,SJ036,2025-09-24 11:37:36.951,CONFIRMED,26C,False,1c4f25d8c2ef306d,13822.99,1,0.0,True
B1328,P1648,6F202,2025-11-01 11:37:36.951,PENDING,33B,False,c6b32f8cd0cd43de,,0,,False
B1329,P1233,UK041,2026-02-13 11:37:36.951,CONFIRMED,22C,False,de0d570044dee094,6401.38,1,0.0,True
B1330,P1031,6F078,2025-12-06 11:37:36.951,CONFIRMED,23A,False,2f2829858eae0958,,0,,False
B1331,P1288,AI097,2025-07-03 11:37:36.951,PENDING,22C,False,ed8e02df0d983e31,7131.5,1,0.0,True
B1332,P1637,UK159,2026-01-15 11:37:36.951,CONFIRMED,7D,False,191166d70bee7d17,4183.32,1,0.0,True
B1333,P1578,UK044,2025-09-06 11:37:36.951,CANCELLED,12B,False,bba6df985b3cedf5,4610.9,2,0.0,True
B1334,P1541,6F176,2025-09-27 11:37:36.951,CANCELLED,6F,False,27d77dcd3e417fdc,,0,,False
B1335,P1113,SJ221,2026-02-11 11:37:36.951,PENDING,4A,False,0fe2bcbfa0424537,,0,,False
B1336,P1203,6F112,2025-07-03 11:37:36.951,CONFIRMED,22A,False,1cb38fc6bb1dd4bd,,0,,False
B1337,P1028,6F246,2025-10-20 11:37:36.951,UNKNOWN,4C,True,5b65491596a986bc,,0,,False
B1338,P1642,6F014,2026-02-21 11:37:36.951,CANCELLED,14C,False,3919e7ee71a46d6a,,0,,False
B1339,P1473,AI237,2025-09-17 11:37:36.951,CANCELLED,28A,False,64be1d1f144652be,,0,,False
B1340,P1696,6F003,2025-12-14 11:37:36.951,CANCELLED,12E,False,33a7baba0befdeb9,,0,,False
B1341,P1252,6F249,2025-07-04 11:37:36.951,CONFIRMED,5A,False,7072810d100d35a9,9263.24,2,1.0,True
B1342,P1797,UK149,2025-04-29 11:37:36.951,CONFIRMED,4A,False,beec13dab6927a1b,19003.28,3,1.0,True
B1343,P1904,SJ163,2026-03-08 11:37:36.951,CONFIRMED,9F,False,8ca5947151f1bd15,,0,,False
B1344,P1921,SJ243,2026-03-28 11:37:36.951,CONFIRMED,1D,False,60bc5e6313c0fd7c,,0,,False
B1345,P1385,UK113,2025-06-06 11:37:36.951,CANCELLED,1A,False,cdbd07cbecf87d15,,0,,False
B1346,P1061,AI071,2025-06-07 11:37:36.951,PENDING,30E,False,8783fe9654c88897,,0,,False
B1347,P1514,6F271,2026-02-07 11:37:36.951,PENDING,22A,False,905e19343181c5df,12000.54,1,0.0,True
B1348,P1429,SJ015,2025-06-05 11:37:36.951,CANCELLED,27E,False,da6c5a72df9e277f,,0,,False
B1349,P1579,UK047,2025-11-19 11:37:36.951,CANCELLED,9E,False,7ed4c2ef57fc30b3,11101.75,1,0.0,True
B1350,P1536,UK020,2026-02-04 11:37:36.951,PENDING,12A,False,90c89f900bcdeca4,30051.37,3,0.0,True
B1351,P1690,AI122,2025-09-03 11:37:36.951,PENDING,27F,False,fe3a2fd4c023da5c,14687.44,1,0.0,True
B1352,P1140,UK223,2025-10-20 11:37:36.951,CANCELLED,17D,False,7e779463eeadf6b4,12219.85,2,0.0,True
B1353,P1742,6F148,2025-09-19 11:37:36.951,CANCELLED,15F,False,3091bd2b78f58317,,0,,False
B1354,P1299,SJ162,2025-12-14 11:37:36.951,CONFIRMED,34A,False,f66519196702fdf0,10023.88,1,0.0,True
B1355,P1674,6F127,2026-03-30 11:37:36.951,CONFIRMED,28B,False,97dd69e7890ce064,14298.51,2,0.0,True
B1356,P1310,AI173,2025-11-10 11:37:36.951,PENDING,11F,False,6bdc8c0ddd63a586,,0,,False
B1357,P1470,6F065,2026-02-05 11:37:36.951,UNKNOWN,14A,True,e12d9e76ff42d948,6983.72,1,0.0,True
B1358,P1392,AI053,2025-06-22 11:37:36.951,PENDING,20A,False,5a977c129f5c381f,,0,,False
B1359,P1641,AI241,2025-10-22 11:37:36.951,CONFIRMED,14E,False,ccfb90abb34089f4,21566.81,4,1.0,True
B1360,P1444,AI105,2025-06-15 11:37:36.951,UNKNOWN,18D,True,4f9c4363298cb320,,0,,False
B1361,P1757,AI110,2025-08-24 11:37:36.951,PENDING,13F,False,b1f7eb235fcf43e0,5339.72,1,0.0,True
B1362,P1808,AI252,2025-10-22 11:37:36.951,CONFIRMED,15B,False,52b57ac2a7f7f73d,,0,,False
B1363,P1171,AI149,2025-12-14 11:37:36.951,CANCELLED,3B,False,d9c2b61026acfe2f,8554.62,1,0.0,True
B1364,P1575,AI224,2025-09-09 11:37:36.951,PENDING,23F,False,21a64725bd525f00,14123.66,3,0.0,True
B1365,P1030,UK158,2025-07-03 11:37:36.951,CANCELLED,15B,False,ce25354585261d90,,0,,False
B1366,P1046,6F125,2025-05-05 11:37:36.951,CANCELLED,25E,False,d21822888221cd1f,,0,,False
B1367,P1129,UK164,2025-12-14 11:37:36.951,CONFIRMED,18A,False,7415477e8a8f49a9,2379.52,2,1.0,True
B1368,P1351,UK007,2025-12-26 11:37:36.951,CANCELLED,1E,False,d2a9041a9607936c,21921.94,3,0.0,True
B1369,P1977,6F118,2026-03-18 11:37:36.951,PENDING,15F,False,b5d8757ee7cd3057,18103.68,3,1.0,True
B1370,P1844,SJ004,2026-01-01 11:37:36.951,CANCELLED,19C,False,143d3746208281d2,16512.64,2,0.0,True
B1371,P1621,6F206,2025-09-25 11:37:36.951,CANCELLED,15E,False,cf8c8617e95eebd6,,0,,False
B1372,P1580,SJ130,2025-05-11 11:37:36.951,CANCELLED,11D,False,5730e18cbbaf99d1,10597.22,2,0.0,True
B1373,P1057,SJ070,2026-02-14 11:37:36.951,CANCELLED,22F,False,1ecd19acd1ed9622,6540.32,1,0.0,True
B1374,P1105,AI085,2025-04-24 11:37:36.951,CANCELLED,7F,False,bb4efc17e177f9b6,,0,,False
B1375,P1811,SJ109,2025-09-02 11:37:36.951,CONFIRMED,15B,False,afa4fb3d48629647,19214.79,2,0.0,True
B1376,P1329,AI168,2025-08-24 11:37:36.951,PENDING,16B,False,f3e9daaed348b5db,19918.21,3,1.0,True
B1377,P1767,UK123,2025-10-24 11:37:36.951,CONFIRMED,26A,False,683b299e894a0edd,,0,,False
B1378,P1823,UK110,2026-01-16 11:37:36.951,PENDING,30D,False,9ceec9a5d0c4fdbd,14416.01,2,0.0,True
B1379,P1682,AI206,2025-11-02 11:37:36.951,PENDING,31C,False,ff7d932e656e2ecc,,0,,False
B1380,P1382,6F007,2026-04-16 11:37:36.951,PENDING,6B,False,f7ca39ca762a2c57,14705.02,1,0.0,True
B1381,P1984,SJ013,2025-11-11 11:37:36.951,PENDING,33A,False,37dc8aba63b8ee54,7452.89,1,0.0,True
B1382,P1161,UK061,2025-09-19 11:37:36.951,PENDING,20D,False,8ca49ffd123fc308,14862.46,1,0.0,True
B1383,P1996,AI010,2025-09-24 11:37:36.951,CANCELLED,8C,False,e6fd08242060988b,,0,,False
B1384,P1285,AI024,2025-05-16 11:37:36.951,CONFIRMED,11D,False,ed7143583f61b973,5107.55,1,0.0,True
B1385,P1070,UK130,2025-06-08 11:37:36.951,CONFIRMED,30B,False,df31df3739303c7f,,0,,False
B1386,P1766,AI161,2026-03-12 11:37:36.951,CANCELLED,10A,False,5d29257599914b2f,,0,,False
B1387,P1453,SJ208,2025-07-23 11:37:36.951,PENDING,24F,False,a08a900572ed0195,,0,,False
B1388,P1885,6F038,2025-09-23 11:37:36.951,UNKNOWN,8D,True,b326dffcd3ad2fbe,22550.01,2,0.0,True
B1389,P1566,6F085,2026-02-22 11:37:36.951,UNKNOWN,30D,True,4d4eba052be63671,,1,1.0,True
B1390,P1834,SJ028,2026-03-09 11:37:36.951,CANCELLED,8C,False,457ac8de504b567a,,0,,False
B1391,P1396,SJ084,2025-11-26 11:37:36.951,CONFIRMED,21F,False,3fd8381316e13d00,35468.95,3,0.0,True
B1392,P1514,AI139,2026-03-27 11:37:36.951,CONFIRMED,21D,False,4ca30d568031beef,,0,,False
B1393,P1025,UK179,2026-04-06 11:37:36.951,PENDING,26E,False,ba256128dd44f5b2,5252.26,1,0.0,True
B1394,P1312,6F256,2025-07-23 11:37:36.951,PENDING,23F,False,a8af2b93c8f168ef,,0,,False
B1395,P1125,UK023,2026-02-10 11:37:36.951,UNKNOWN,23B,True,db029029ca60e803,10317.13,1,0.0,True
B1396,P1407,AI039,2025-08-03 11:37:36.951,UNKNOWN,13E,True,40e2216a763ce02c,16199.13,2,0.0,True
B1397,P1564,UK190,2026-02-05 11:37:36.951,CANCELLED,28D,False,4d0ea006033da9f1,3065.33,1,0.0,True
B1398,P1197,6F224,2026-02-04 11:37:36.951,PENDING,3E,False,75e849f2fcca6c61,7148.95,1,0.0,True
B1399,P1810,UK221,2025-05-31 11:37:36.951,PENDING,7A,False,8b520a42f76aca84,,0,,False
B1400,P1187,SJ107,2026-04-02 11:37:36.951,CANCELLED,12F,False,a9ccecc762f33182,3063.78,1,0.0,True
B1401,P1697,UK155,2025-04-20 11:37:36.951,UNKNOWN,21D,True,363b172ec1aaad5e,20849.53,3,0.0,True
B1402,P1816,UK183,2026-03-21 11:37:36.951,CANCELLED,7E,False,1cd259c57be24602,16058.67,2,0.0,True
B1403,P1809,SJ203,2025-05-08 11:37:36.951,PENDING,26A,False,19fc9ebe1bd28944,,0,,False
B1404,P1715,6F253,2026-03-07 11:37:36.951,UNKNOWN,16A,True,77811331cede33e9,7473.06,1,0.0,True
B1405,P1483,AI100,2025-08-26 11:37:36.951,PENDING,32F,False,d0979a287ab5b981,,0,,False
B1406,P1449,6F140,2025-06-24 11:37:36.951,CONFIRMED,15D,False,e2e94f9a0ecd896d,21722.62,2,0.0,True
B1407,P1522,UK048,2025-08-26 11:37:36.951,CONFIRMED,25A,False,02d3be3640671989,,0,,False
B1408,P1870,SJ204,2025-07-29 11:37:36.951,CONFIRMED,12F,False,5346d94e04cf8950,7805.42,2,0.0,True
B1409,P1353,UK105,2026-03-24 11:37:36.951,CONFIRMED,28C,False,f73d558b15b6b40d,1095.0,1,0.0,True
B1410,P1985,AI098,2026-04-13 11:37:36.951,CONFIRMED,32C,False,d1fa865e2e94759d,,0,,False
B1411,P1657,6F013,2025-10-12 11:37:36.951,CANCELLED,1A,False,8abd8c6845f389af,13409.03,2,0.0,True
B1412,P1596,6F128,2025-11-18 11:37:36.951,CANCELLED,28E,False,f40030837e44d829,10616.41,1,0.0,True
B1413,P1099,SJ038,2025-10-05 11:37:36.951,UNKNOWN,14A,True,ce303a4e2c9b49d6,,0,,False
B1414,P1615,SJ182,2026-01-07 11:37:36.951,CONFIRMED,25F,False,7a7c9655c7726a9c,6182.07,1,0.0,True
B1415,P1947,6F199,2026-03-22 11:37:36.951,PENDING,23B,False,f23015e17324b863,,0,,False
B1416,P1557,SJ187,2025-08-17 11:37:36.951,CANCELLED,20B,False,eb1d10721a0eb6d1,,0,,False
B1417,P1555,AI182,2025-08-18 11:37:36.951,PENDING,8E,False,1c775d5e7801f6c4,7252.05,2,0.0,True
B1418,P1277,SJ027,2025-05-04 11:37:36.951,PENDING,19D,False,ec3c58601e9fc273,12326.46,1,0.0,True
B1419,P1692,SJ062,2026-01-20 11:37:36.951,CONFIRMED,20E,False,c109bd4ccb3a55ad,4937.75,2,0.0,True
B1420,P1698,SJ161,2026-02-24 11:37:36.951,CONFIRMED,27B,False,4ad3c9754a7b57b7,7161.79,1,0.0,True
B1421,P1989,UK058,2025-10-03 11:37:36.951,UNKNOWN,23C,True,32600908494c812f,,0,,False
B1422,P1625,AI181,2026-01-04 11:37:36.951,CANCELLED,12D,False,f607ecaf13ece11a,4826.6,1,0.0,True
B1423,P1490,AI003,2025-06-12 11:37:36.951,CONFIRMED,14A,False,63e5c41bc9df72ea,,0,,False
B1424,P1254,6F150,2025-11-05 11:37:36.951,CANCELLED,11D,False,6b8d505344a0d763,,0,,False
B1425,P1380,SJ175,2025-06-28 11:37:36.951,CANCELLED,34E,False,1175ceb32e47eb02,,0,,False
B1426,P1891,6F041,2025-12-15 11:37:36.951,CANCELLED,17C,False,d8f5090bc0cda174,,1,1.0,True
B1427,P1541,SJ040,2026-04-15 11:37:36.951,CANCELLED,16E,False,4b650f6e1b647603,,0,,False
B1428,P1263,6F020,2025-06-17 11:37:36.951,CONFIRMED,27C,False,f8625daf6e37a268,,0,,False
B1429,P1609,AI248,2025-05-08 11:37:36.951,CANCELLED,27B,False,eef935375691ee72,16937.88,2,0.0,True
B1430,P1824,SJ016,2026-02-08 11:37:36.951,CONFIRMED,11A,False,a365054b32c61e3c,,0,,False
B1431,P1878,UK204,2025-11-21 11:37:36.951,CONFIRMED,31C,False,2f518e2328c04fd6,22261.95,2,0.0,True
B1432,P1328,6F211,2025-09-02 11:37:36.951,CANCELLED,9B,False,1a2f8c6bd9fadfa5,,0,,False
B1433,P1114,SJ166,2025-05-07 11:37:36.951,CONFIRMED,5B,False,377efdf680cb87ba,15968.93,2,0.0,True
B1434,P1275,AI036,2025-10-19 11:37:36.951,PENDING,30C,False,ea823b9fb5ab5ee8,5989.29,2,0.0,True
B1435,P1487,SJ215,2025-09-18 11:37:36.951,CONFIRMED,1E,False,dfbd1a78b7fa89bc,8589.93,1,0.0,True
B1436,P1280,AI076,2026-01-05 11:37:36.951,CONFIRMED,20B,False,4586a05cb1d4ebf7,,0,,False
B1437,P1274,SJ012,2025-11-28 11:37:36.951,CANCELLED,24A,False,71cff95b2da304df,,0,,False
B1438,P1772,AI073,2026-04-01 11:37:36.951,UNKNOWN,20D,True,24941f9d6d65c138,7670.85,1,0.0,True
B1439,P1842,SJ173,2025-11-09 11:37:36.951,CONFIRMED,27E,False,627487cd2483c0ff,7292.76,1,0.0,True
B1440,P1718,AI193,2026-03-09 11:37:36.951,CANCELLED,25E,False,2973d63b7d40010b,,0,,False
B1441,P1895,SJ131,2025-09-22 11:37:36.951,UNKNOWN,13A,True,40cc40f3c737124a,,0,,False
B1442,P1327,AI225,2025-06-02 11:37:36.951,PENDING,11E,False,3d4d2dee1b4aaafb,11779.89,1,0.0,True
B1443,P1210,AI190,2025-10-09 11:37:36.951,CANCELLED,9E,False,dfb9fba7ae5241e1,,1,1.0,True
B1444,P1726,SJ238,2025-12-25 11:37:36.951,CONFIRMED,7B,False,22c62c3ef4068406,,0,,False
B1445,P1922,6F005,2025-12-21 11:37:36.951,PENDING,5F,False,f925d77d4eb27b43,9862.4,1,0.0,True
B1446,P1551,UK136,2025-09-25 11:37:36.951,PENDING,23C,False,2b35691e81df56b0,7709.96,3,1.0,True
B1447,P1991,SJ063,2025-05-21 11:37:36.951,CONFIRMED,15F,False,f114a53f16d35d27,18438.66,2,0.0,True
B1448,P1025,6F175,2025-11-21 11:37:36.951,CANCELLED,9E,False,97e01d93470170c2,,0,,False
B1449,P1026,AI037,2025-05-23 11:37:36.951,PENDING,19A,False,7f7597cca6ce7242,,0,,False
B1450,P1701,UK225,2025-11-11 11:37:36.951,CONFIRMED,21C,False,fda6127c892eb7da,,0,,False
B1451,P1082,AI141,2025-05-20 11:37:36.951,CONFIRMED,15E,False,39d8f279a5fb7cf4,10311.86,1,0.0,True
B1452,P1895,6F172,2026-01-26 11:37:36.951,PENDING,3E,False,e494a212c9a7056c,,0,,False
B1453,P1945,6F219,2026-02-07 11:37:36.951,CANCELLED,16F,False,71b2d89b9479e3b5,5268.18,2,0.0,True
B1454,P1681,AI045,2025-08-16 11:37:36.951,PENDING,8E,False,31e7059813f07f80,,0,,False
B1455,P1412,AI198,2026-04-12 11:37:36.951,CONFIRMED,30A,False,08bbdd0dfda25346,27634.5,2,0.0,True
B1456,P1166,AI120,2025-04-24 11:37:36.951,PENDING,17F,False,5a9decaf9f666f3c,,0,,False
B1457,P1699,6F134,2025-06-11 11:37:36.951,CANCELLED,32D,False,e90d08f37554a4c1,5769.17,1,0.0,True
B1458,P1168,UK102,2025-11-19 11:37:36.951,CONFIRMED,10B,False,8c863b912fb6ad5b,8073.17,1,0.0,True
B1459,P1800,SJ199,2025-06-10 11:37:36.951,CANCELLED,1F,False,e37631adc08f60b5,19085.7,3,0.0,True
B1460,P1978,6F235,2025-10-01 11:37:36.951,PENDING,32E,False,36305bc7a19651ae,,0,,False
B1461,P1228,UK065,2025-10-14 11:37:36.951,PENDING,33F,False,6b7a23519919598a,30261.46,3,0.0,True
B1462,P1978,6F135,2025-12-03 11:37:36.951,CANCELLED,26D,False,1c836d246353c5eb,6497.79,1,0.0,True
B1463,P1608,SJ148,2026-02-10 11:37:36.951,PENDING,31C,False,a8908ea0d873d96f,6844.58,2,0.0,True
B1464,P1366,AI083,2026-03-07 11:37:36.951,CANCELLED,6B,False,a36424fea031cd60,4535.96,1,0.0,True
B1465,P1527,UK024,2025-07-02 11:37:36.951,PENDING,5C,False,f3d8051ae3af38a2,,0,,False
B1466,P1790,UK220,2025-04-27 11:37:36.951,CANCELLED,28B,False,0d7de1d68c78800e,,0,,False
B1467,P1646,UK115,2025-04-30 11:37:36.951,CANCELLED,25A,False,05c44066bd1e8e39,13307.54,1,0.0,True
B1468,P1537,AI255,2025-07-16 11:37:36.951,CONFIRMED,14F,False,1f33284cff88ab9e,25336.54,2,0.0,True
B1469,P1863,6F001,2025-12-25 11:37:36.951,CONFIRMED,11A,False,46cd5162942e9301,,0,,False
B1470,P1523,6F132,2025-05-27 11:37:36.951,CANCELLED,24E,False,1163697508a5f818,,0,,False
B1471,P1071,UK184,2026-03-28 11:37:36.951,PENDING,8E,False,b2ae0b75cd969e8e,,0,,False
B1472,P1644,6F098,2025-06-06 11:37:36.951,PENDING,3D,False,cab189fffc7c96f2,,0,,False
B1473,P1105,SJ168,2025-07-19 11:37:36.951,PENDING,21F,False,cd16aba760ee19dc,,0,,False
B1474,P1731,SJ178,2025-07-28 11:37:36.951,CANCELLED,14C,False,2ada2f10651b6cfc,32760.32,3,0.0,True
B1475,P1884,UK111,2026-03-07 11:37:36.951,CANCELLED,2C,False,d3b0f81937bb5ca1,21399.98,3,0.0,True
B1476,P1964,SJ051,2026-02-27 11:37:36.951,CANCELLED,32E,False,0aa782f1cffaede0,,0,,False
B1477,P1688,SJ193,2025-07-06 11:37:36.951,CANCELLED,18E,False,5efdbcc773b1b59b,17403.75,3,0.0,True
B1478,P1281,SJ039,2026-02-24 11:37:36.951,CONFIRMED,28D,False,b723cd611111fc4b,2928.68,1,0.0,True
B1479,P1132,UK066,2025-12-17 11:37:36.951,CANCELLED,22B,False,29b3e1989ffe3507,16478.5,2,0.0,True
B1480,P1533,SJ050,2026-03-14 11:37:36.951,PENDING,34B,False,43122e9c74445539,3112.82,1,0.0,True
B1481,P1974,6F052,2025-06-11 11:37:36.951,CONFIRMED,4D,False,2ffa724e85f669eb,,0,,False
B1482,P1268,SJ170,2025-08-29 11:37:36.951,PENDING,14E,False,1c77bc61d4c7137c,17749.28,2,0.0,True
B1483,P1411,SJ119,2025-06-09 11:37:36.951,UNKNOWN,26B,True,533ad13d51365938,10562.26,1,0.0,True
B1484,P1672,AI219,2025-05-07 11:37:36.951,CONFIRMED,13B,False,102a2c385e677cd5,,0,,False
B1485,P1618,6F220,2025-07-05 11:37:36.951,CANCELLED,12D,False,89188c7a67e58520,,0,,False
B1486,P1790,AI207,2025-05-04 11:37:36.951,CONFIRMED,3D,False,ea5dea4ae1a33fff,20297.6,3,0.0,True
B1487,P1864,6F024,2026-01-26 11:37:36.951,PENDING,5E,False,6d67f56d14a55dc1,,0,,False
B1488,P1746,SJ073,2025-05-04 11:37:36.951,CANCELLED,27E,False,51cd8dacf17c1040,22623.03,2,0.0,True
B1489,P1017,SJ201,2025-07-08 11:37:36.951,CANCELLED,24F,False,300a01712ba3416f,,0,,False
B1490,P1753,AI180,2026-03-10 11:37:36.951,CONFIRMED,29B,False,ae56dcc447495b26,1217.88,2,1.0,True
B1491,P1116,UK022,2025-07-16 11:37:36.951,CONFIRMED,18F,False,e70d6f6b22b0a70f,6534.99,1,0.0,True
B1492,P1797,AI202,2026-03-27 11:37:36.951,CANCELLED,29C,False,940e5aaf79ece181,,0,,False
B1493,P1793,6F212,2025-06-01 11:37:36.952,CONFIRMED,26D,False,f45f047ffd612813,,0,,False
B1494,P1143,6F163,2025-06-09 11:37:36.952,CANCELLED,23F,False,5fd8c4bb34f06502,,0,,False
B1495,P1716,UK028,2025-10-15 11:37:36.952,CONFIRMED,27D,False,7af84c1d3a32f1bc,17491.12,2,0.0,True
B1496,P1550,6F243,2026-03-21 11:37:36.952,PENDING,7D,False,ec4066593c6f6216,2901.65,1,0.0,True
B1497,P1928,AI165,2025-09-02 11:37:36.952,CONFIRMED,11F,False,5221f172a66b928a,,0,,False
B1498,P1665,UK099,2025-07-18 11:37:36.952,PENDING,3D,False,d5e944a97a5cd1c7,,0,,False
B1499,P1687,AI033,2025-06-17 11:37:36.952,UNKNOWN,17C,True,b791e3f8a774a9b5,,0,,False
B1500,P1960,UK056,2025-04-30 11:37:36.952,CONFIRMED,22D,False,a0f081c1a00d26b3,1303.07,1,0.0,True
B1501,P1752,SJ122,2025-09-04 11:37:36.952,CANCELLED,23D,False,ab7cd69cc76c5d31,27890.44,3,1.0,True
B1502,P1421,AI086,2025-10-15 11:37:36.952,CONFIRMED,23F,False,ddf13f868ea69538,17966.76,2,0.0,True
B1503,P1897,SJ011,2025-10-17 11:37:36.952,CONFIRMED,25C,False,1ca01b177e8a4a90,,0,,False
B1504,P1368,SJ021,2025-04-21 11:37:36.952,PENDING,4E,False,0697e216d8613f2f,32259.76,3,0.0,True
B1505,P1645,SJ106,2025-11-29 11:37:36.952,CONFIRMED,8F,False,fb4e3e6b53e34afe,7472.98,1,0.0,True
B1506,P1557,SJ026,2026-01-29 11:37:36.952,CANCELLED,9E,False,0262ec0e8b7ce785,,0,,False
B1507,P1049,SJ245,2025-11-27 11:37:36.952,PENDING,20A,False,763beb890dd79bae,4865.21,1,0.0,True
B1508,P1677,AI023,2025-07-31 11:37:36.952,UNKNOWN,9C,True,83970a78fae4115b,14679.26,3,0.0,True
B1509,P1105,AI032,2025-09-25 11:37:36.952,CANCELLED,14F,False,38a206bc81e38b1e,,0,,False
B1510,P1215,AI236,2025-05-11 11:37:36.952,CANCELLED,19F,False,e2511fec17a2890a,3179.45,1,0.0,True
B1511,P1657,6F094,2025-12-24 11:37:36.952,CANCELLED,15C,False,d443d779ad5028fb,12346.57,1,0.0,True
B1512,P1922,UK163,2025-12-21 11:37:36.952,PENDING,4A,False,a0e6780d347cd3c8,5747.83,1,0.0,True
B1513,P1424,UK163,2025-06-30 11:37:36.952,CONFIRMED,32B,False,4bf8bf099bbe52a4,22716.67,2,0.0,True
B1514,P1071,SJ045,2025-05-07 11:37:36.952,CANCELLED,21E,False,c7fe537401e84756,,1,1.0,True
B1515,P1987,SJ006,2025-07-06 11:37:36.952,PENDING,26A,False,e928dc5ed2a4b600,,0,,False
B1516,P1841,SJ103,2025-08-05 11:37:36.952,CANCELLED,34F,False,393146b1544c1c97,3242.75,1,0.0,True
B1517,P1784,6F221,2026-01-16 11:37:36.952,UNKNOWN,31B,True,c25cd2f235ccdc30,,1,1.0,True
B1518,P1758,SJ147,2026-03-20 11:37:36.952,UNKNOWN,30A,True,6dcc1ca09b1374d3,,0,,False
B1519,P1445,SJ064,2026-03-25 11:37:36.952,PENDING,3C,False,51ab4fe76f1c4e51,14857.83,2,0.0,True
B1520,P1924,AI028,2026-04-02 11:37:36.952,CONFIRMED,27A,False,ce8a4e3583fbab06,14340.74,1,0.0,True
B1521,P1185,AI148,2025-11-08 11:37:36.952,PENDING,31E,False,d330abdebe99feee,10629.67,3,1.0,True
B1522,P1069,6F263,2025-08-31 11:37:36.952,CONFIRMED,1C,False,e44d7278b991d020,,0,,False
B1523,P1973,SJ067,2025-05-19 11:37:36.952,PENDING,21F,False,75f6a5ea92c4ff26,10733.84,2,1.0,True
B1524,P1149,6F061,2025-06-17 11:37:36.952,PENDING,23D,False,3eaf87dc6f8f3d8d,9831.83,2,0.0,True
B1525,P1245,AI254,2025-05-29 11:37:36.952,UNKNOWN,11E,True,5609d7f7bf3c5b19,7869.06,1,0.0,True
B1526,P1773,SJ136,2025-11-15 11:37:36.952,CONFIRMED,17D,False,d3ddb6508ac06b90,12889.82,2,0.0,True
B1527,P1537,AI046,2025-07-09 11:37:36.952,PENDING,8A,False,41d9879ccf241840,11891.78,1,0.0,True
B1528,P1934,UK174,2026-03-28 11:37:36.952,PENDING,6E,False,de9f41ccdf67db07,,0,,False
B1529,P1651,6F066,2025-04-30 11:37:36.952,UNKNOWN,34C,True,96be0e8de816ee66,,0,,False
B1530,P1098,UK095,2025-12-08 11:37:36.952,UNKNOWN,23E,True,93c62c8e85f80694,29065.67,3,0.0,True
B1531,P1909,6F063,2026-04-01 11:37:36.952,PENDING,30F,False,9d0d8d163e3284be,23911.21,3,1.0,True
B1532,P1277,UK118,2025-04-22 11:37:36.952,PENDING,30A,False,488fbdf1bd95b15e,24295.6,3,1.0,True
B1533,P1562,UK218,2025-09-15 11:37:36.952,PENDING,28D,False,3fb67786dfbd6f3d,,0,,False
B1534,P1662,UK031,2025-09-11 11:37:36.952,CONFIRMED,34E,False,bd661be71b554430,12347.23,1,0.0,True
B1535,P1943,UK142,2026-04-02 11:37:36.952,PENDING,6C,False,b407b773a02fa625,19520.85,2,0.0,True
B1536,P1454,AI002,2025-06-01 11:37:36.952,UNKNOWN,4C,True,3dcaa9a647420af2,6548.99,1,0.0,True
B1537,P1103,UK070,2025-10-08 11:37:36.952,CONFIRMED,21F,False,a725fd490478679f,9202.57,1,0.0,True
B1538,P1945,SJ121,2026-03-17 11:37:36.952,PENDING,8E,False,979668db0f60af3d,,0,,False
B1539,P1600,UK201,2025-06-11 11:37:36.952,CONFIRMED,20B,False,bd330f2167a7c877,17509.78,2,0.0,True
B1540,P1652,AI138,2026-01-15 11:37:36.952,CANCELLED,7E,False,a6eb8bd7231d4ddd,3640.69,1,0.0,True
B1541,P1724,SJ014,2025-12-16 11:37:36.952,CONFIRMED,26A,False,130885c75275cf3a,12031.17,1,0.0,True
B1542,P1232,SJ053,2025-12-13 11:37:36.952,PENDING,14F,False,5fa533689d513d3a,,0,,False
B1543,P1393,SJ241,2025-06-16 11:37:36.952,CANCELLED,4F,False,394160c3a2f7dd4a,3207.85,1,0.0,True
B1544,P1500,AI249,2025-09-01 11:37:36.952,CANCELLED,16A,False,1aad9a4b73e1073c,12003.06,2,0.0,True
B1545,P1694,AI176,2026-03-08 11:37:36.952,PENDING,8A,False,3ceb35ff632bcd38,17736.33,2,0.0,True
B1546,P1250,SJ234,2026-04-02 11:37:36.952,PENDING,32B,False,162c4ab114e6a632,,0,,False
B1547,P1520,6F115,2025-04-18 11:37:36.952,PENDING,16C,False,35064f8974421f58,,0,,False
B1548,P1078,AI020,2025-10-04 11:37:36.952,CONFIRMED,7E,False,2034f823580c7e0c,,0,,False
B1549,P1051,AI020,2025-12-16 11:37:36.952,CONFIRMED,24A,False,222dfcbac2cace60,,0,,False
B1550,P1897,6F079,2025-12-06 11:37:36.952,CONFIRMED,10D,False,03ee5096ab03065b,,0,,False
B1551,P1920,6F104,2025-11-14 11:37:36.952,UNKNOWN,8E,True,fbe6dc3ae151da65,,0,,False
B1552,P1780,UK046,2026-02-06 11:37:36.952,PENDING,32D,False,9ce003ce98090307,12589.6,1,0.0,True
B1553,P1225,SJ217,2025-11-15 11:37:36.952,CONFIRMED,33D,False,a5dd9aed9e0b5642,1883.33,1,0.0,True
B1554,P1050,6F142,2025-08-26 11:37:36.952,CANCELLED,8D,False,a25b62c6e832bd47,,0,,False
B1555,P1185,SJ139,2026-04-04 11:37:36.952,CONFIRMED,3B,False,439e381ff9259bec,13344.12,1,0.0,True
B1556,P1033,6F059,2026-01-18 11:37:36.952,CANCELLED,31D,False,658c5ba5ba4b24f6,,0,,False
B1557,P1802,6F067,2025-08-10 11:37:36.952,PENDING,17A,False,d610f3c374911f64,17708.74,2,0.0,True
B1558,P1741,AI007,2025-08-07 11:37:36.952,PENDING,27A,False,f6a4bc3629a9fd04,15597.73,2,0.0,True
B1559,P1130,UK202,2026-01-20 11:37:36.952,CONFIRMED,5F,False,ea0f2ef5601ae774,3622.91,1,0.0,True
B1560,P1631,AI200,2026-03-07 11:37:36.952,CONFIRMED,18C,False,9fcff788a912d44c,,0,,False
B1561,P1442,UK172,2026-01-27 11:37:36.952,PENDING,18C,False,ff9c9c5fa3db2504,11507.31,2,0.0,True
B1562,P1837,6F214,2025-05-01 11:37:36.952,CONFIRMED,10B,False,24de9d97b270f2d3,6572.09,1,0.0,True
B1563,P1758,UK037,2025-09-11 11:37:36.952,PENDING,27B,False,e0a20dfe046fdd38,,0,,False
B1564,P1431,AI022,2025-08-14 11:37:36.952,PENDING,17F,False,e57235d3f6083626,3514.52,1,0.0,True
B1565,P1703,AI243,2026-02-06 11:37:36.952,CANCELLED,20D,False,45ce7c73bec24f71,7243.49,2,0.0,True
B1566,P1496,SJ174,2025-10-08 11:37:36.952,CONFIRMED,29F,False,5f9c8423a4ab4d7c,26394.47,2,0.0,True
B1567,P1402,SJ079,2025-11-13 11:37:36.952,PENDING,9A,False,ca728f4999a3d423,10982.24,1,0.0,True
B1568,P1322,UK097,2025-12-21 11:37:36.952,CONFIRMED,21A,False,1e876e28a6db990e,,1,1.0,True
B1569,P1209,AI013,2025-12-26 11:37:36.952,CANCELLED,14E,False,976b93304692c606,,0,,False
B1570,P1614,UK196,2025-11-21 11:37:36.952,CANCELLED,25E,False,74ba72ece816463e,15054.77,2,0.0,True
B1571,P1328,SJ213,2025-11-06 11:37:36.952,CONFIRMED,2C,False,423c4e75ebec3df3,,0,,False
B1572,P1371,UK119,2025-05-26 11:37:36.952,CONFIRMED,5D,False,4971cd32faab251d,13849.86,2,1.0,True
B1573,P1459,AI043,2026-03-18 11:37:36.952,PENDING,19B,False,424fabbeeaddae28,7629.97,1,0.0,True
B1574,P1132,AI043,2025-04-29 11:37:36.952,CANCELLED,18A,False,c35f117f369e7400,13905.05,1,0.0,True
B1575,P1834,AI143,2025-06-16 11:37:36.952,CANCELLED,2B,False,ad0aa5360fe4accf,12516.91,1,0.0,True
B1576,P1650,SJ032,2025-10-20 11:37:36.952,UNKNOWN,6F,True,2af688612b4cc387,,1,1.0,True
B1577,P1120,6F050,2026-01-24 11:37:36.952,CONFIRMED,23A,False,4e072999735408a8,,0,,False
B1578,P1605,AI134,2025-12-25 11:37:36.952,PENDING,6B,False,d5b1e37344081671,4097.69,3,1.0,True
B1579,P1451,6F182,2025-04-24 11:37:36.952,CONFIRMED,28E,False,9749e03295a14ee9,9444.1,2,0.0,True
B1580,P1964,SJ086,2025-10-08 11:37:36.952,CONFIRMED,20D,False,bbbabf38bd90f00a,26625.06,3,0.0,True
B1581,P1128,6F170,2025-08-06 11:37:36.952,CONFIRMED,3D,False,af4a6f1ba6d3f9df,9514.99,2,1.0,True
B1582,P1090,UK168,2025-04-24 11:37:36.952,PENDING,34B,False,f93e1fede80f82a1,13552.0,1,0.0,True
B1583,P1603,SJ072,2026-02-22 11:37:36.952,UNKNOWN,33D,True,aafa335a743e28d6,,0,,False
B1584,P1574,UK075,2025-04-28 11:37:36.952,CANCELLED,21C,False,4ca7b34dea5063be,26466.88,2,0.0,True
B1585,P1028,6F233,2026-01-08 11:37:36.952,CANCELLED,1C,False,64879b34657e17ed,23517.7,3,1.0,True
B1586,P1721,SJ143,2025-11-13 11:37:36.952,CANCELLED,25B,False,165c83e89ab0932f,,0,,False
B1587,P1523,SJ246,2025-06-28 11:37:36.952,PENDING,34E,False,3da7ff4dcab18a31,11740.35,1,0.0,True
B1588,P1332,SJ247,2025-11-04 11:37:36.952,CONFIRMED,10B,False,5ed0373ff0fbb448,12810.22,1,0.0,True
B1589,P1296,UK157,2025-08-31 11:37:36.952,PENDING,3D,False,f202869918724f5d,29432.76,3,0.0,True
B1590,P1129,UK069,2026-04-01 11:37:36.952,CONFIRMED,25B,False,ff627f9618dbaf99,1015.84,1,0.0,True
B1591,P1292,AI106,2025-11-20 11:37:36.952,CANCELLED,8A,False,82304294df07a5bf,16833.8,2,0.0,True
B1592,P1172,UK085,2025-11-17 11:37:36.952,CONFIRMED,24F,False,8daab23d94c0e9e0,,0,,False
B1593,P1719,6F087,2025-09-24 11:37:36.952,UNKNOWN,1A,True,a8644a4d277945e0,,0,,False
B1594,P1943,AI067,2025-06-01 11:37:36.952,CONFIRMED,25E,False,0b61c09cdecb0c4d,1448.88,1,0.0,True
B1595,P1023,6F226,2026-01-07 11:37:36.952,PENDING,4E,False,5ac2da18b99a9876,24869.85,2,0.0,True
B1596,P1098,SJ210,2025-12-20 11:37:36.952,CONFIRMED,15E,False,04ededb881794496,18020.9,2,0.0,True
B1597,P1405,6F269,2025-10-23 11:37:36.952,CONFIRMED,33A,False,6aa6bf8214d00df3,19192.26,2,0.0,True
B1598,P1355,UK013,2026-01-02 11:37:36.952,CONFIRMED,11B,False,313b2b9fb4f4f7b3,15978.23,2,0.0,True
B1599,P1138,UK013,2025-09-30 11:37:36.952,PENDING,9E,False,bd31f1a68d4f5ca2,,0,,False
B1600,P1502,UK143,2025-07-20 11:37:36.952,PENDING,2C,False,7bf45facf993c820,24083.25,2,0.0,True
B1601,P1825,6F262,2025-09-07 11:37:36.952,PENDING,28D,False,421924a62a553244,,0,,False
B1602,P1173,6F042,2025-07-07 11:37:36.952,UNKNOWN,2A,True,eab3ea7b2baff024,4028.21,1,0.0,True
B1603,P1028,SJ118,2025-12-06 11:37:36.952,CANCELLED,17E,False,e6847954c043b7e6,,0,,False
B1604,P1930,SJ118,2025-11-17 11:37:36.952,CANCELLED,3C,False,57d0120b310c6eea,,0,,False
B1605,P1495,SJ082,2025-10-03 11:37:36.952,CANCELLED,6C,False,603846150feca783,,1,1.0,True
B1606,P1654,6F015,2025-07-18 11:37:36.952,CONFIRMED,23E,False,9a6dd62f3c6f2b6b,21087.41,3,0.0,True
B1607,P1827,AI101,2026-02-02 11:37:36.952,UNKNOWN,30F,True,3144d93a99cb39c4,13086.08,2,0.0,True
B1608,P1350,SJ110,2025-06-28 11:37:36.952,CANCELLED,10B,False,1e34b065322f40f8,,0,,False
B1609,P1553,SJ042,2025-10-21 11:37:36.952,CANCELLED,19D,False,6fccd44ee8e457ca,,0,,False
B1610,P1298,6F145,2025-10-13 11:37:36.952,CONFIRMED,27A,False,05572d0fe52b1051,5809.44,1,0.0,True
B1611,P1719,UK029,2026-01-05 11:37:36.952,CANCELLED,14C,False,853fca2255bf1e89,22397.64,2,0.0,True
B1612,P1841,SJ200,2025-04-18 11:37:36.952,CANCELLED,28C,False,57041f9355636a87,,0,,False
B1613,P1944,SJ209,2026-01-29 11:37:36.952,CONFIRMED,6A,False,9bb6f964f1d8e0de,16309.3,2,0.0,True
B1614,P1191,AI116,2025-05-11 11:37:36.952,UNKNOWN,30B,True,4561d7f8450c3485,8965.77,2,0.0,True
B1615,P1671,6F117,2025-05-23 11:37:36.952,CANCELLED,33B,False,bc33678d37e6cf49,13670.64,2,0.0,True
B1616,P1063,SJ181,2025-12-23 11:37:36.952,PENDING,17A,False,60238c75c4d4e7c9,,0,,False
B1617,P1754,AI070,2025-05-10 11:37:36.952,UNKNOWN,18A,True,59d099e725a9912e,12237.51,1,0.0,True
B1618,P1769,AI070,2026-01-19 11:37:36.952,CONFIRMED,1B,False,4472400b7d9f2918,6904.57,1,0.0,True
B1619,P1663,UK042,2026-02-05 11:37:36.952,PENDING,13A,False,ee871737a12cd838,33652.61,3,0.0,True
B1620,P1214,AI169,2026-02-24 11:37:36.952,PENDING,1B,False,1f5f845f72630c7e,33808.97,4,0.0,True
B1621,P1833,6F021,2025-12-21 11:37:36.952,PENDING,27A,False,dd4b003f6b5f0668,11805.25,2,0.0,True
B1622,P1165,SJ046,2025-06-23 11:37:36.952,PENDING,19F,False,cad77cebcca28466,36638.7,3,0.0,True
B1623,P1542,AI211,2025-08-17 11:37:36.952,CANCELLED,22B,False,c531da47b23e5dfa,37128.79,4,0.0,True
B1624,P1882,SJ091,2025-12-20 11:37:36.952,CANCELLED,34F,False,52765e3a1f0ea146,,0,,False
B1625,P1231,AI123,2026-04-05 11:37:36.952,PENDING,7D,False,6eaa3f4aa9b3535a,,0,,False
B1626,P1793,6F053,2025-04-17 11:37:36.952,CANCELLED,25C,False,5a775776a18ed400,7859.04,1,0.0,True
B1627,P1540,UK012,2026-01-09 11:37:36.952,PENDING,27E,False,52712705ba177f61,23952.61,2,0.0,True
B1628,P1194,6F023,2025-11-25 11:37:36.952,PENDING,33A,False,02794e47c5fa606e,1971.53,1,0.0,True
B1629,P1505,AI250,2026-01-02 11:37:36.952,CONFIRMED,11A,False,48078f62e59bfb11,,0,,False
B1630,P1333,AI238,2026-04-07 11:37:36.952,PENDING,26F,False,81172d5088d954e7,11475.88,1,0.0,True
B1631,P1767,UK096,2026-02-17 11:37:36.952,CANCELLED,24F,False,69a8131cd8231d2f,17514.41,2,0.0,True
B1632,P1792,UK126,2026-03-30 11:37:36.952,PENDING,1D,False,e6c4f772832d9abb,11397.25,1,0.0,True
B1633,P1303,SJ195,2025-08-30 11:37:36.952,CONFIRMED,8E,False,1c5efe1d76089699,,0,,False
B1634,P1832,SJ171,2025-12-25 11:37:36.952,CANCELLED,1C,False,ff99a6e2cab43a26,,0,,False
B1635,P1436,AI136,2025-08-14 11:37:36.952,UNKNOWN,7C,True,916d83e35f7d28e0,,0,,False
B1636,P1322,SJ192,2025-05-27 11:37:36.952,CONFIRMED,22B,False,6ea4848c2bfcc5d6,14700.1,1,0.0,True
B1637,P1501,6F035,2025-12-01 11:37:36.952,PENDING,27C,False,ed45f5f9c546893b,25470.66,3,0.0,True
B1638,P1857,UK088,2026-02-23 11:37:36.952,CONFIRMED,22C,False,78376f0ef0a7db83,,0,,False
B1639,P1913,6F009,2025-09-14 11:37:36.952,CONFIRMED,24E,False,b873c1d68d287aab,6069.3,2,0.0,True
B1640,P1392,6F004,2026-01-28 11:37:36.952,CANCELLED,30B,False,d3df90295cbac55e,,0,,False
B1641,P1805,UK122,2026-03-27 11:37:36.952,UNKNOWN,28D,True,af6fc84a3ec7a7db,14953.42,1,0.0,True
B1642,P1598,AI251,2026-02-15 11:37:36.952,PENDING,4E,False,5ebb269543b202e7,6919.99,1,0.0,True
B1643,P1148,AI027,2026-02-04 11:37:36.952,PENDING,14A,False,54ac11b40dea5789,,0,,False
B1644,P1760,SJ165,2025-10-20 11:37:36.952,PENDING,20E,False,1eb342943abcf280,10406.49,1,0.0,True
B1645,P1832,UK081,2025-08-16 11:37:36.952,CONFIRMED,17D,False,540b22f06c09362c,2308.55,1,0.0,True
B1646,P1404,UK191,2025-09-27 11:37:36.952,CANCELLED,28C,False,dd55bbe8aee205f2,22654.88,2,0.0,True
B1647,P1282,SJ188,2025-11-06 11:37:36.952,PENDING,14F,False,9d0d007128c6efb2,17320.63,2,0.0,True
B1648,P1361,6F016,2025-08-09 11:37:36.952,CONFIRMED,33D,False,da1276cf48285c0e,3484.04,1,0.0,True
B1649,P1378,6F064,2026-04-05 11:37:36.952,PENDING,4F,False,5340b61035c964ea,28108.05,2,0.0,True
B1650,P1197,SJ105,2026-04-03 11:37:36.952,UNKNOWN,10D,True,2d4bd2d5997bcb61,,0,,False
B1651,P1555,SJ054,2025-09-09 11:37:36.952,CANCELLED,21B,False,147d5989b1a56bbe,6941.55,1,0.0,True
B1652,P1355,6F197,2025-12-19 11:37:36.952,PENDING,23C,False,9ba99e635410dea7,21520.53,4,0.0,True
B1653,P1539,AI040,2026-03-26 11:37:36.952,CANCELLED,31B,False,8041a4dacd9ba00b,10350.94,1,0.0,True
B1654,P1428,AI131,2025-08-14 11:37:36.952,UNKNOWN,31A,True,49dd91f18f509815,12116.85,1,0.0,True
B1655,P1016,6F141,2025-10-09 11:37:36.952,PENDING,7D,False,c3d138dca9085854,,0,,False
B1656,P1638,UK035,2025-05-12 11:37:36.952,CONFIRMED,26E,False,d24bddb54dc73f4a,9174.46,1,0.0,True
B1657,P1378,AI005,2025-08-28 11:37:36.952,CONFIRMED,12B,False,a9e485e95c84012b,11326.44,1,0.0,True
B1658,P1679,AI001,2025-06-22 11:37:36.952,CONFIRMED,18D,False,53f4e1ccf4d22245,,0,,False
B1659,P1505,UK211,2026-01-17 11:37:36.952,PENDING,6D,False,2dda2fc8ebe78b70,,0,,False
B1660,P1755,SJ189,2026-04-04 11:37:36.952,CANCELLED,12D,False,1ee2eb5ace31b17e,5033.75,2,1.0,True
B1661,P1898,UK006,2025-04-21 11:37:36.952,PENDING,18D,False,f635178b8ac0cb5a,20979.51,2,0.0,True
B1662,P1075,6F189,2025-10-13 11:37:36.952,CONFIRMED,17A,False,f813804f1c594a88,9168.1,1,0.0,True
B1663,P1230,AI133,2025-05-16 11:37:36.952,CANCELLED,15B,False,b5d8b28f901a8af7,66885.47,6,0.0,True
B1664,P1715,SJ216,2025-11-08 11:37:36.952,CONFIRMED,25B,False,72434026f934046a,,0,,False
B1665,P1961,SJ133,2026-03-04 11:37:36.952,CANCELLED,29D,False,d4d44a509dc57420,13434.66,1,0.0,True
B1666,P1247,UK082,2026-03-05 11:37:36.952,PENDING,32C,False,97974226edd80e20,4184.87,1,0.0,True
B1667,P1301,6F136,2026-02-16 11:37:36.952,CANCELLED,32C,False,1b7050bfd884c3a0,,0,,False
B1668,P1725,6F039,2025-04-30 11:37:36.952,PENDING,3B,False,8fe67c38eba79b06,,0,,False
B1669,P1214,AI011,2025-06-16 11:37:36.952,CONFIRMED,3E,False,16304f86fcccc31d,,0,,False
B1670,P1157,SJ225,2025-05-12 11:37:36.952,CANCELLED,16C,False,e656389c9722d105,,0,,False
B1671,P1068,SJ024,2025-07-08 11:37:36.952,CONFIRMED,22C,False,9f2d1bc404b59fd8,,0,,False
B1672,P1392,AI109,2025-08-01 11:37:36.952,CANCELLED,14E,False,84a033b29ae47ca6,6895.9,1,0.0,True
B1673,P1084,AI147,2025-06-12 11:37:36.952,UNKNOWN,28B,True,c752ea373f2a862c,,0,,False
B1674,P1266,UK057,2025-11-03 11:37:36.952,CANCELLED,18C,False,deb6d32cfccf8454,,0,,False
B1675,P1068,6F111,2025-08-01 11:37:36.952,CANCELLED,9A,False,aca29e28e196435f,,0,,False
B1676,P1610,AI197,2026-04-14 11:37:36.952,PENDING,24C,False,6db168dcd4cbcf48,26552.82,2,0.0,True
B1677,P1346,UK127,2026-01-31 11:37:36.952,PENDING,29C,False,936a1efe53997aa0,19599.18,2,0.0,True
B1678,P1961,6F240,2025-12-31 11:37:36.952,PENDING,24B,False,18fa1628ccec57e6,3831.88,1,0.0,True
B1679,P1727,6F257,2025-08-17 11:37:36.952,CANCELLED,25A,False,18b083258f079e75,,0,,False
B1680,P1926,AI253,2026-03-19 11:37:36.952,UNKNOWN,11F,True,1c85e4139181d2a5,,0,,False
B1681,P1672,SJ135,2026-04-02 11:37:36.952,CANCELLED,15C,False,c132027acfef1eaa,26057.93,2,0.0,True
B1682,P1422,UK112,2025-07-10 11:37:36.952,CANCELLED,20B,False,2275cba1d5ca9bb7,2916.86,1,0.0,True
B1683,P1605,AI050,2025-08-07 11:37:36.952,CONFIRMED,9C,False,bbd0cf26a3399d3d,19349.76,2,0.0,True
B1684,P1173,UK060,2025-11-18 11:37:36.952,PENDING,8E,False,7395b0131a5e16d4,,0,,False
B1685,P1676,SJ183,2025-05-15 11:37:36.952,CANCELLED,25E,False,f3e3b7d385ba7cfc,12700.44,2,0.0,True
B1686,P1114,UK138,2025-11-17 11:37:36.952,CONFIRMED,23E,False,cb98b0ca75a72336,1293.05,1,0.0,True
B1687,P1219,SJ071,2025-10-12 11:37:36.952,PENDING,22F,False,f5aad73fc50c7acf,,0,,False
B1688,P1955,AI057,2025-06-14 11:37:36.952,PENDING,9D,False,b88da2afb473cf06,10945.95,1,0.0,True
B1689,P1030,SJ151,2025-07-10 11:37:36.952,CANCELLED,20B,False,7e06983bc7550537,8030.27,1,0.0,True
B1690,P1522,SJ144,2025-06-28 11:37:36.952,PENDING,12C,False,ed6839b706e2c71a,7675.73,1,0.0,True
B1691,P1342,SJ087,2026-01-23 11:37:36.952,PENDING,12E,False,674a80731383977b,10442.06,1,0.0,True
B1692,P1376,SJ066,2026-04-02 11:37:36.952,CONFIRMED,18A,False,c35554e584b451f4,,0,,False
B1693,P1129,AI247,2026-01-02 11:37:36.952,CONFIRMED,11F,False,f2646288352f150b,,0,,False
B1694,P1999,SJ102,2026-04-01 11:37:36.952,PENDING,24D,False,03aeac571b4add24,7153.61,2,0.0,True
B1695,P1616,6F252,2026-04-13 11:37:36.952,CONFIRMED,4F,False,ba8a5763ec9cf8f3,5969.93,1,0.0,True
B1696,P1538,6F055,2025-11-28 11:37:36.952,PENDING,11C,False,0f07cbc0dd9850b0,,0,,False
B1697,P1738,AI204,2025-11-12 11:37:36.952,CANCELLED,34B,False,608bc8e5050c6e85,,0,,False
B1698,P1001,AI016,2026-02-02 11:37:36.952,CONFIRMED,31D,False,220aaeecd2cb308a,8023.98,1,0.0,True
B1699,P1870,AI209,2025-12-11 11:37:36.952,PENDING,15D,False,65ed640e95d562f2,23144.93,4,1.0,True
B1700,P1100,SJ211,2026-01-04 11:37:36.952,PENDING,14B,False,82fb85d8977b831e,6028.27,1,0.0,True
B1701,P1532,6F103,2025-10-16 11:37:36.952,CONFIRMED,13F,False,a7cc1d1118584dff,,0,,False
B1702,P1057,UK182,2025-04-22 11:37:36.952,CONFIRMED,31F,False,77785acbbbf47ce7,13329.36,2,1.0,True
B1703,P1388,6F264,2025-12-25 11:37:36.952,CANCELLED,19B,False,c3d8bf81b99b50e5,11995.2,2,0.0,True
B1704,P1691,6F027,2025-07-23 11:37:36.952,PENDING,29A,False,92e2fb4808010a2d,13993.49,1,0.0,True
B1705,P1940,UK198,2026-01-31 11:37:36.952,CANCELLED,3B,False,eeaa9dc74f6d2d23,20858.79,4,0.0,True
B1706,P1340,6F171,2025-09-07 11:37:36.952,CANCELLED,15C,False,f3beb7e98769dd08,,0,,False
B1707,P1860,AI004,2025-07-05 11:37:36.952,CANCELLED,1B,False,7fca2f3b5dd6003f,,0,,False
B1708,P1019,6F157,2025-11-22 11:37:36.952,CONFIRMED,3C,False,90279cae8de9168d,,0,,False
B1709,P1254,AI018,2025-10-03 11:37:36.952,CANCELLED,22B,False,011614b009423375,,0,,False
B1710,P1316,UK098,2025-08-05 11:37:36.952,CONFIRMED,21E,False,b4bc6b68fe52748c,12059.65,1,0.0,True
B1711,P1037,6F167,2026-01-29 11:37:36.952,UNKNOWN,4C,True,d3411916df66bb1b,,0,,False
B1712,P1659,AI228,2025-09-06 11:37:36.952,CANCELLED,17C,False,bc3521cf77febdb4,,0,,False
B1713,P1536,SJ242,2025-08-31 11:37:36.952,CANCELLED,17D,False,ce5df40af3a1c98d,,0,,False
B1714,P1385,6F227,2025-12-11 11:37:36.952,PENDING,34C,False,65c55b80b67e3e02,5064.12,1,0.0,True
B1715,P1632,6F037,2025-08-27 11:37:36.952,CANCELLED,20C,False,eef3617a3c638fba,,0,,False
B1716,P1927,6F107,2025-12-22 11:37:36.952,PENDING,28A,False,e1ff386d60339d59,,0,,False
B1717,P1025,SJ125,2025-11-06 11:37:36.952,CANCELLED,14A,False,8c2ef7172b9f50ca,2408.22,2,0.0,True
B1718,P1453,UK117,2025-06-17 11:37:36.952,CANCELLED,9B,False,e4c6aeab1b5786a1,18312.78,2,0.0,True
B1719,P1680,6F192,2025-11-12 11:37:36.952,CANCELLED,29E,False,564d77f163e837ae,5781.1,1,0.0,True
B1720,P1322,AI201,2025-11-27 11:37:36.952,CANCELLED,27B,False,0af5a5ce6609546b,5194.3,1,0.0,True
B1721,P1736,SJ126,2026-03-25 11:37:36.952,PENDING,21A,False,a6604b7ca2a90822,,0,,False
B1722,P1512,AI177,2026-02-10 11:37:36.952,PENDING,5E,False,b3394daac26dd7ce,,1,1.0,True
B1723,P1818,AI092,2025-12-23 11:37:36.952,CANCELLED,26B,False,4932d4c75c39e2fe,,0,,False
B1724,P1772,6F076,2025-10-10 11:37:36.952,CANCELLED,11D,False,142a6f9898972597,10484.53,1,0.0,True
B1725,P1012,AI185,2025-04-29 11:37:36.952,PENDING,1E,False,82a295fa0be4d986,,1,1.0,True
B1726,P1914,AI055,2025-05-14 11:37:36.952,CONFIRMED,2B,False,c020e3c1463228b7,10313.45,2,0.0,True
B1727,P1907,6F222,2026-03-15 11:37:36.952,CONFIRMED,27D,False,b3e9278e0578c597,,0,,False
B1728,P1559,AI090,2025-12-12 11:37:36.952,CONFIRMED,1C,False,6efd02935593c1c0,7592.89,1,0.0,True
B1729,P1920,AI183,2025-06-03 11:37:36.952,PENDING,4F,False,ab51c9b3b05e2c57,2726.28,1,0.0,True
B1730,P1824,AI041,2025-04-29 11:37:36.952,PENDING,25F,False,5b8d0b6718647eb4,,1,1.0,True
B1731,P1370,6F210,2025-07-12 11:37:36.952,CONFIRMED,25F,False,7fda6b34dc79144f,1355.89,1,0.0,True
B1732,P1290,AI170,2026-01-15 11:37:36.952,CONFIRMED,3A,False,ad3f21915ed5821e,7405.96,1,0.0,True
B1733,P1331,SJ008,2026-04-16 11:37:36.952,CANCELLED,2E,False,3d1ec323b3fcf0d4,10832.74,1,0.0,True
B1734,P1605,AI049,2025-09-29 11:37:36.952,PENDING,27E,False,ee4dd43135b67266,2972.66,1,0.0,True
B1735,P1260,SJ132,2025-05-12 11:37:36.952,PENDING,34E,False,54e071a454794b89,10012.48,1,0.0,True
B1736,P1993,SJ224,2026-01-26 11:37:36.952,CONFIRMED,28E,False,a4e9075bc2a18ab3,8590.58,2,0.0,True
B1737,P1789,UK038,2025-06-11 11:37:36.952,CONFIRMED,1E,False,cb2e6aa499e8ea4b,12049.41,1,0.0,True
B1738,P1870,SJ220,2025-08-14 11:37:36.952,PENDING,27B,False,5ce91763198c0029,26003.14,3,0.0,True
B1739,P1204,6F124,2025-06-29 11:37:36.952,CANCELLED,34F,False,d8b0e20859df6712,8263.32,1,0.0,True
B1740,P1696,SJ164,2025-11-16 11:37:36.952,CONFIRMED,14D,False,70b2f351640a6b7c,,0,,False
B1741,P1686,AI026,2025-05-18 11:37:36.952,PENDING,18E,False,8756e18cc924c0e4,4483.43,1,0.0,True
B1742,P1949,6F144,2025-09-14 11:37:36.952,PENDING,16D,False,121f5cfa97c1943d,,0,,False
B1743,P1386,6F137,2025-11-21 11:37:36.952,UNKNOWN,6F,True,62b418fd927bdc4e,4062.36,1,0.0,True
B1744,P1891,UK139,2025-09-05 11:37:36.952,CANCELLED,10A,False,ce10c89343b7418d,9225.17,1,0.0,True
B1745,P1820,UK139,2025-05-20 11:37:36.952,CONFIRMED,27B,False,1299b3c265dbbe6c,10889.16,1,0.0,True
B1746,P1467,SJ140,2025-08-31 11:37:36.952,CONFIRMED,34D,False,a5a3811fd567a582,,0,,False
B1747,P1414,6F131,2025-04-20 11:37:36.952,CONFIRMED,9F,False,1c3db227e682b366,,0,,False
B1748,P1068,UK128,2025-11-15 11:37:36.952,PENDING,9A,False,8871e7d78ce3137c,13170.94,1,0.0,True
B1749,P1471,SJ219,2026-02-19 11:37:36.952,CONFIRMED,23D,False,05fb46f13da45230,,0,,False
B1750,P1103,SJ159,2025-09-21 11:37:36.952,PENDING,33D,False,429597d60f39c76e,,0,,False
B1751,P1757,UK192,2025-09-19 11:37:36.952,CONFIRMED,17E,False,0668bef5b7246bb4,14391.99,1,0.0,True
B1752,P1160,AI014,2025-08-13 11:37:36.952,CANCELLED,34F,False,754038d8332e2da5,,0,,False
B1753,P1199,SJ152,2025-08-08 11:37:36.952,CANCELLED,5C,False,d99b4170b3e609d1,4016.57,1,0.0,True
B1754,P1215,SJ060,2026-02-11 11:37:36.952,PENDING,3C,False,321a7f0c8555e130,12013.34,1,0.0,True
B1755,P1945,AI127,2026-02-17 11:37:36.952,CANCELLED,10F,False,478df3792a645293,4760.39,1,0.0,True
B1756,P1211,SJ096,2026-01-27 11:37:36.952,PENDING,11F,False,3e30abc1ad365144,,1,1.0,True
B1757,P1507,AI215,2025-04-24 11:37:36.952,PENDING,22B,False,dfbcb01fb77df810,1608.39,1,0.0,True
B1758,P1015,UK009,2026-02-28 11:37:36.952,CANCELLED,26B,False,1837f6d10cebdf39,8260.94,1,0.0,True
B1759,P1497,AI171,2025-10-26 11:37:36.952,PENDING,16F,False,f8aee81b3002e8b4,10926.0,2,0.0,True
B1760,P1883,UK151,2026-01-14 11:37:36.952,CANCELLED,31B,False,64fed7064eb62590,12133.03,1,0.0,True
B1761,P1331,AI099,2025-05-22 11:37:36.952,CONFIRMED,15A,False,614ab3a043b7f889,35672.39,4,0.0,True
B1762,P1716,UK050,2025-06-04 11:37:36.952,CONFIRMED,32B,False,acbc71563b88058c,13897.13,2,0.0,True
B1763,P1876,UK092,2025-10-06 11:37:36.952,CANCELLED,3B,False,bb1a392546de7fe8,,1,1.0,True
B1764,P1550,SJ058,2025-06-20 11:37:36.952,CANCELLED,13B,False,639b5efb6c716d43,10528.45,1,0.0,True
B1765,P1600,SJ090,2025-12-21 11:37:36.952,CANCELLED,1C,False,e39d952d4ee6ddd2,23925.48,2,0.0,True
B1766,P1941,6F173,2025-09-07 11:37:36.952,CANCELLED,1F,False,f5dd7f3e42d5005e,,0,,False
B1767,P1255,AI186,2025-11-19 11:37:36.952,CONFIRMED,6D,False,af240eb012c6dbc0,10462.21,2,0.0,True
B1768,P1991,AI130,2026-03-23 11:37:36.952,PENDING,13C,False,6bd682a42f7ae08e,2835.7,1,0.0,True
B1769,P1765,SJ111,2025-11-23 11:37:36.952,UNKNOWN,6F,True,b913067538330d6c,2465.29,2,0.0,True
B1770,P1727,6F203,2025-08-04 11:37:36.952,CONFIRMED,8D,False,f752710f7c2f4fad,,0,,False
B1771,P1879,6F138,2025-05-24 11:37:36.952,PENDING,1F,False,3f986c526becad3b,6761.89,1,0.0,True
B1772,P1814,6F109,2025-08-29 11:37:36.952,UNKNOWN,10B,True,6fe4ac584253493c,,0,,False
B1773,P1171,AI074,2026-01-01 11:37:36.952,PENDING,16E,False,12eb3c42495e6221,11699.42,1,0.0,True
B1774,P1648,UK161,2026-01-07 11:37:36.952,CANCELLED,1B,False,b0569cc2e3d70cdd,,0,,False
B1775,P1999,AI008,2025-06-19 11:37:36.952,CANCELLED,14B,False,28560abb8d678bbc,13185.54,1,0.0,True
B1776,P1497,UK121,2025-12-27 11:37:36.952,CANCELLED,17A,False,98523ab6ea07a04f,16692.14,2,0.0,True
B1777,P1470,6F154,2025-04-26 11:37:36.952,CONFIRMED,11A,False,49b90b231d72c5df,9927.3,1,0.0,True
B1778,P1383,6F161,2025-08-01 11:37:36.952,CONFIRMED,10D,False,9173f134c78ccd0a,,0,,False
B1779,P1689,6F153,2026-02-01 11:37:36.952,PENDING,22B,False,847f386b8c84f249,8876.97,1,0.0,True
B1780,P1588,6F225,2026-02-10 11:37:36.952,PENDING,11B,False,024a71b05df5753d,,0,,False
B1781,P1699,AI191,2026-02-09 11:37:36.952,PENDING,18C,False,219009c80cb29a1c,,0,,False
B1782,P1506,AI218,2025-08-18 11:37:36.952,CONFIRMED,25F,False,eaa168c3bc2a0edb,4755.95,1,0.0,True
B1783,P1991,6F267,2025-09-28 11:37:36.952,PENDING,25D,False,d361924737158f28,8201.65,1,0.0,True
B1784,P1526,UK125,2025-08-20 11:37:36.952,CANCELLED,1B,False,56ded33b050b63eb,1577.5,1,0.0,True
B1785,P1803,6F208,2025-08-19 11:37:36.952,PENDING,1B,False,708749bcb1ead2af,2489.15,1,0.0,True
B1786,P1830,6F119,2026-02-12 11:37:36.952,CANCELLED,26B,False,eed84d5db4f3e98f,14801.3,1,0.0,True
B1787,P1324,AI063,2025-07-11 11:37:36.952,CONFIRMED,1E,False,94d8fd48501f65a6,13330.68,3,0.0,True
B1788,P1213,UK016,2025-06-05 11:37:36.952,CANCELLED,2B,False,fdb330f487182985,,0,,False
B1789,P1207,6F048,2026-01-13 11:37:36.952,CANCELLED,30F,False,ba9cb6ed532b6454,11758.27,1,0.0,True
B1790,P1168,6F266,2025-04-23 11:37:36.952,CANCELLED,28A,False,fa7ac988955ef941,4971.8,2,0.0,True
B1791,P1329,AI167,2026-02-24 11:37:36.952,CONFIRMED,3C,False,2943be188855bd38,,0,,False
B1792,P1279,6F165,2026-01-17 11:37:36.952,CONFIRMED,8E,False,ed855a025cfa621c,,0,,False
B1793,P1977,SJ104,2025-11-25 11:37:36.952,CONFIRMED,14C,False,d0551efa46d8a923,12515.25,1,0.0,True
B1794,P1304,UK160,2025-06-26 11:37:36.952,CONFIRMED,8D,False,95506815c1cb1bc2,,0,,False
B1795,P1145,UK160,2026-03-21 11:37:36.952,PENDING,9C,False,bc49a0096d03f248,11714.65,1,0.0,True
B1796,P1774,SJ230,2025-11-28 11:37:36.952,CONFIRMED,9B,False,83e23c09dcd23963,,0,,False
B1797,P1515,AI042,2025-06-03 11:37:36.952,CANCELLED,1A,False,83b580b718dc6e7f,,0,,False
B1798,P1089,UK197,2025-05-16 11:37:36.952,CONFIRMED,23E,False,1a75136b92f35ae3,14793.78,2,1.0,True
B1799,P1452,AI107,2026-02-05 11:37:36.952,PENDING,16E,False,a8d230a86ade2be7,,0,,False
B1800,P1059,SJ128,2025-08-22 11:37:36.952,PENDING,7F,False,62cd24ead8ddb15f,4478.56,1,0.0,True
B1801,P1310,6F121,2026-04-14 11:37:36.952,PENDING,34F,False,c4d1c539a97eb5b9,,0,,False
B1802,P1527,AI111,2025-06-30 11:37:36.952,UNKNOWN,16B,True,378c6de400f38cd8,2072.55,1,0.0,True
B1803,P1226,SJ137,2026-02-21 11:37:36.952,CONFIRMED,24F,False,c568ee382200a8ac,5663.2,1,0.0,True
B1804,P1473,AI232,2025-11-12 11:37:36.952,CONFIRMED,1F,False,1bd84a34b259bd87,9496.04,1,0.0,True
B1805,P1977,SJ113,2025-10-26 11:37:36.952,CONFIRMED,14B,False,ede09b0ba015a663,,1,1.0,True
B1806,P1540,AI117,2025-08-02 11:37:36.952,CANCELLED,17A,False,f393ada5bb15b80a,14488.78,1,0.0,True
B1807,P1662,6F185,2025-06-28 11:37:36.952,CANCELLED,12C,False,d8cba0b333677388,1759.8,1,0.0,True
B1808,P1756,AI194,2026-01-26 11:37:36.952,PENDING,3B,False,d7d607b5e5f4120e,,0,,False
B1809,P1781,UK045,2026-04-09 11:37:36.952,PENDING,13B,False,15b72acc85dd22d3,2114.98,1,0.0,True
B1810,P1078,6F228,2026-03-20 11:37:36.952,CONFIRMED,34B,False,764ed32e30a342f0,,0,,False
B1811,P1432,SJ190,2026-04-04 11:37:36.952,CANCELLED,25A,False,40c2dc64ead7f804,9625.29,1,0.0,True
B1812,P1800,AI156,2026-01-06 11:37:36.952,CANCELLED,8A,False,6e04177fad923c0d,1736.99,1,0.0,True
B1813,P1152,AI104,2025-04-21 11:37:36.952,UNKNOWN,9D,True,75766c872b33825e,,0,,False
B1814,P1788,UK033,2025-06-22 11:37:36.952,CONFIRMED,26C,False,050d78873b948de9,9940.19,2,0.0,True
B1815,P1400,UK137,2025-05-01 11:37:36.952,PENDING,3C,False,0dede62da68d036c,6355.84,2,0.0,True
B1816,P1278,UK214,2025-06-21 11:37:36.952,PENDING,20F,False,b6930e152ce3fb35,4762.94,2,1.0,True
B1817,P1056,6F033,2025-06-07 11:37:36.952,PENDING,28D,False,1ad4086f212c9342,19018.62,2,0.0,True
B1818,P1976,AI114,2025-11-07 11:37:36.952,CONFIRMED,26B,False,f76f48c53b374bfb,4317.72,1,0.0,True
B1819,P1185,AI017,2026-01-19 11:37:36.952,CONFIRMED,21E,False,0d534cdf5eea3267,,0,,False
B1820,P1397,6F244,2025-12-01 11:37:36.952,PENDING,18E,False,04fc2e1844b19e76,22474.87,2,0.0,True
B1821,P1604,6F160,2025-11-27 11:37:36.952,PENDING,1C,False,11d76c55941529ec,5390.05,3,2.0,True
B1822,P1787,6F088,2026-01-05 11:37:36.952,CANCELLED,17D,False,f5d389f82f3c1ca8,7545.61,1,0.0,True
B1823,P1157,6F155,2025-11-26 11:37:36.952,CANCELLED,19E,False,d210efe1e9c8035a,7854.23,1,0.0,True
B1824,P1786,AI095,2026-04-15 11:37:36.952,PENDING,9B,False,39dd60a391d50d99,10599.9,1,0.0,True
B1825,P1692,6F139,2025-05-17 11:37:36.952,PENDING,5E,False,eff7101d6e7bf724,5950.28,1,0.0,True
B1826,P1358,6F101,2025-07-11 11:37:36.952,CANCELLED,19A,False,6f7eea99130f10a2,5128.12,1,0.0,True
B1827,P1439,AI054,2025-06-23 11:37:36.952,PENDING,20D,False,481df7e289bd6c0e,26463.98,2,0.0,True
B1828,P1588,SJ094,2025-05-18 11:37:36.952,CANCELLED,25B,False,78cf37a1319b53a4,9418.44,1,0.0,True
B1829,P1465,6F217,2026-01-15 11:37:36.952,CANCELLED,4E,False,14447f45397cc3e4,4847.06,1,0.0,True
B1830,P1662,6F100,2026-04-15 11:37:36.952,CANCELLED,23C,False,cc9c9e10db565fa8,12651.33,1,0.0,True
B1831,P1445,6F081,2026-02-05 11:37:36.952,CONFIRMED,21C,False,a2f22320f04fe558,25995.51,2,0.0,True
B1832,P1749,SJ156,2025-06-17 11:37:36.952,CONFIRMED,4D,False,318bc0dfcedcc91a,11197.41,1,0.0,True
B1833,P1800,6F060,2025-06-07 11:37:36.952,PENDING,27D,False,3700d429e08246e3,5872.19,1,0.0,True
B1834,P1742,UK129,2025-08-14 11:37:36.952,CANCELLED,33E,False,91cb54109700061d,7570.53,1,0.0,True
B1835,P1487,UK032,2026-02-07 11:37:36.952,CONFIRMED,2E,False,c1a2a512bd014cce,,0,,False
B1836,P1529,AI166,2025-09-23 11:37:36.952,PENDING,13A,False,d1227c914ef5507d,,0,,False
B1837,P1072,SJ056,2025-10-31 11:37:36.952,PENDING,22F,False,46b1f50deae99295,39342.91,3,0.0,True
B1838,P1928,SJ101,2025-06-12 11:37:36.952,PENDING,18F,False,7c8d327ee47855ed,,0,,False
B1839,P1927,SJ065,2025-05-09 11:37:36.952,PENDING,9C,False,fc1eee40a7f73108,16796.17,2,0.0,True
B1840,P1700,SJ100,2025-04-19 11:37:36.952,PENDING,34A,False,696494c0c40a4759,7085.2,1,0.0,True
B1841,P1949,UK011,2025-10-24 11:37:36.952,CANCELLED,1E,False,d9d9732c3f3e3520,,0,,False
B1842,P1016,6F062,2026-02-17 11:37:36.952,PENDING,3B,False,35a5204a05f52e30,9813.82,2,0.0,True
B1843,P1530,SJ176,2025-08-15 11:37:36.952,CANCELLED,23E,False,a9bb87f7ee01993e,5648.05,2,0.0,True
B1844,P1730,6F120,2025-11-26 11:37:36.952,CONFIRMED,3B,False,0da876af4fcb80d9,7078.61,2,1.0,True
B1845,P1325,AI121,2026-03-05 11:37:36.952,PENDING,24A,False,6aed383a17adba7b,3147.85,1,0.0,True
B1846,P1994,UK072,2025-08-30 11:37:36.952,CONFIRMED,34F,False,7d787777983612fd,8100.01,1,0.0,True
B1847,P1631,AI006,2026-04-06 11:37:36.952,CANCELLED,11B,False,e5b2c09f32703438,10999.02,1,0.0,True
B1848,P1612,SJ231,2025-05-19 11:37:36.952,CANCELLED,30D,False,743a1b657e8ac85f,6682.0,2,0.0,True
B1849,P1545,SJ129,2025-06-24 11:37:36.952,UNKNOWN,12E,True,757aecdc5b868860,,0,,False
B1850,P1595,6F110,2025-04-21 11:37:36.952,PENDING,33B,False,beee48c2199115b3,22212.88,2,0.0,True
B1851,P1920,6F231,2025-11-26 11:37:36.952,PENDING,2D,False,1dbd049b7ccd8572,,0,,False
B1852,P1707,6F095,2025-08-09 11:37:36.952,CONFIRMED,33E,False,ed4b4f82662402c5,2491.83,1,0.0,True
B1853,P1841,UK054,2025-05-05 11:37:36.952,CONFIRMED,18F,False,e2a19ee37976b85a,8948.88,1,0.0,True
B1854,P1201,SJ123,2025-08-10 11:37:36.952,CONFIRMED,29D,False,901f7819da1df373,33343.83,4,0.0,True
B1855,P1343,6F006,2026-01-04 11:37:36.952,PENDING,3D,False,2750504e165740c0,21909.6,2,0.0,True
B1856,P1852,UK226,2025-05-04 11:37:36.952,PENDING,4E,False,60726702cda28461,25660.08,2,0.0,True
B1857,P1522,AI065,2026-03-07 11:37:36.952,PENDING,17E,False,8f52ac41c2d71fde,17650.92,2,0.0,True
B1858,P1858,6F008,2025-11-25 11:37:36.952,UNKNOWN,10B,True,5616ee1935202c91,,0,,False
B1859,P1399,AI195,2025-11-11 11:37:36.952,PENDING,7B,False,5d233a29a3a59ea6,,0,,False
B1860,P1217,UK043,2025-08-01 11:37:36.952,UNKNOWN,3A,True,aee64319cf601f33,9531.5,2,0.0,True
B1861,P1444,AI125,2025-10-15 11:37:36.952,CONFIRMED,25E,False,534f28cbd2953e3b,9044.04,1,0.0,True
B1862,P1764,AI089,2025-10-05 11:37:36.952,PENDING,21A,False,dbe70f32bc459427,,0,,False
B1863,P1221,UK019,2026-02-12 11:37:36.952,CONFIRMED,22C,False,1e31e1c8e2bb67eb,22928.67,2,0.0,True
B1864,P1382,UK078,2025-09-27 11:37:36.952,CANCELLED,22C,False,27e5b99bd00aa7ca,10081.04,1,0.0,True
B1865,P1880,SJ009,2025-07-28 11:37:36.952,CANCELLED,15E,False,6b2d5f4925daf0a6,11740.51,1,0.0,True
B1866,P1591,UK178,2026-01-28 11:37:36.952,CONFIRMED,7A,False,226fc74f63e9eed9,4987.99,1,0.0,True
B1867,P1006,UK018,2025-11-23 11:37:36.952,CONFIRMED,13D,False,6324f2120e606c1d,8158.17,1,0.0,True
B1868,P1271,SJ059,2026-04-10 11:37:36.952,CANCELLED,29E,False,844e04b71e0471cf,,0,,False
B1869,P1738,UK108,2026-02-04 11:37:36.952,CONFIRMED,19C,False,ff75da9e4cb61199,21553.27,2,0.0,True
B1870,P1015,6F045,2025-04-25 11:37:36.952,CANCELLED,5D,False,8f850550cbd55112,,0,,False
B1871,P1423,AI144,2025-10-04 11:37:36.952,CANCELLED,23E,False,b928949d07798f87,,0,,False
B1872,P1523,AI244,2025-07-09 11:37:36.952,PENDING,26E,False,c72d570ac08335b2,14817.12,3,1.0,True
B1873,P1802,6F265,2025-04-25 11:37:36.952,CONFIRMED,11B,False,9a4fa1b3d6d3d706,32289.57,3,0.0,True
B1874,P1752,6F108,2026-01-26 11:37:36.952,CONFIRMED,16E,False,5466c57029b0ff4f,24444.49,3,0.0,True
B1875,P1020,6F069,2025-06-17 11:37:36.952,PENDING,17D,False,190c0cdc9a4da51c,,1,1.0,True
B1876,P1689,6F072,2025-06-14 11:37:36.952,CANCELLED,18F,False,eacc3d43cf68f95e,11290.32,1,0.0,True
B1877,P1938,6F096,2025-11-09 11:37:36.952,CONFIRMED,33F,False,f455e7dbddda9c95,,0,,False
B1878,P1227,SJ233,2025-12-31 11:37:36.952,PENDING,31D,False,1f8b6f8e02da7e3f,14778.71,1,0.0,True
B1879,P1784,AI203,2025-12-03 11:37:36.952,PENDING,9E,False,fa8bb5b8cde8683e,4682.98,1,0.0,True
B1880,P1287,UK147,2026-03-08 11:37:36.952,CONFIRMED,2E,False,41961323b1d3b2f9,11737.0,1,0.0,True
B1881,P1808,UK039,2025-08-26 11:37:36.952,PENDING,8E,False,229a46182ef5d9b6,,0,,False
B1882,P1133,6F216,2025-10-17 11:37:36.952,CANCELLED,18B,False,6129ea42fd8d78ac,,0,,False
B1883,P1983,AI214,2025-11-17 11:37:36.952,PENDING,5B,False,b08e229362136ced,7691.33,2,0.0,True
B1884,P1282,UK025,2025-08-31 11:37:36.952,CANCELLED,31D,False,d5ba69947e3dbbb1,,0,,False
B1885,P1403,UK053,2025-08-10 11:37:36.952,CANCELLED,11B,False,1eb47bc9d949bcc4,9992.33,1,0.0,True
B1886,P1664,6F130,2026-02-12 11:37:36.952,UNKNOWN,9D,True,e692751d828ed113,,0,,False
B1887,P1065,6F247,2026-03-09 11:37:36.952,PENDING,23F,False,d3904f819a24e1c0,9312.51,1,0.0,True
B1888,P1648,6F159,2025-12-25 11:37:36.952,CANCELLED,25C,False,3a8fecc085878487,14913.74,2,0.0,True
B1889,P1603,UK086,2026-02-24 11:37:36.952,CANCELLED,22C,False,2d20a75f5f4abe89,,0,,False
B1890,P1436,6F102,2025-08-30 11:37:36.952,PENDING,12E,False,5aefce9bc1ff63cb,13732.45,1,0.0,True
B1891,P1828,UK186,2026-01-26 11:37:36.952,CANCELLED,18D,False,e0bb8107facebcb8,4194.57,2,0.0,True
B1892,P1933,6F032,2025-08-24 11:37:36.952,PENDING,17F,False,3b65e8c93b19ffb6,,0,,False
B1893,P1258,6F186,2025-08-02 11:37:36.952,CONFIRMED,19A,False,26ed63c6dcb05060,,0,,False
B1894,P1979,6F106,2026-02-24 11:37:36.952,CANCELLED,4F,False,96dbd9fe56eac163,,0,,False
B1895,P1965,AI021,2025-10-05 11:37:36.952,CANCELLED,14E,False,177b36803836fd73,54031.62,5,0.0,True
B1896,P1102,AI157,2025-11-30 11:37:36.952,PENDING,11F,False,99799a7cd18f6a37,,1,1.0,True
B1897,P1992,6F054,2025-11-01 11:37:36.952,PENDING,26F,False,bda039a0772cc96a,16995.31,2,0.0,True
B1898,P1566,AI187,2025-10-03 11:37:36.952,PENDING,10D,False,4d36689d04b2f1c6,5718.04,1,0.0,True
B1899,P1768,SJ124,2025-09-28 11:37:36.952,PENDING,4B,False,7b84d243530a4d0e,3146.15,1,0.0,True
B1900,P1100,SJ223,2025-10-06 11:37:36.952,CANCELLED,11C,False,1855f8e7f15cb53b,1212.98,1,0.0,True
B1901,P1197,UK103,2025-04-25 11:37:36.952,CONFIRMED,21A,False,1b5d9447c28cbc04,10787.49,1,0.0,True
B1902,P1812,SJ157,2026-02-08 11:37:36.952,CONFIRMED,14F,False,12650a465e0107e2,,0,,False
B1903,P1225,6F242,2025-11-06 11:37:36.952,CONFIRMED,9B,False,d9ba52d4ca9ef4b8,,0,,False
B1904,P1942,UK213,2025-07-01 11:37:36.952,CONFIRMED,8B,False,f7bc60564f0f2d77,5769.34,1,0.0,True
B1905,P1462,SJ120,2026-02-13 11:37:36.952,PENDING,24B,False,1f0fb09fec1cc5bd,,0,,False
B1906,P1236,AI035,2025-08-11 11:37:36.952,CANCELLED,22B,False,860f1008cdecfd13,11037.65,1,0.0,True
B1907,P1025,6F147,2026-01-14 11:37:36.952,CANCELLED,1B,False,cba6aba0a2e298ef,5451.44,1,0.0,True
B1908,P1120,SJ229,2025-08-09 11:37:36.952,CANCELLED,23B,False,ed143d69b89030d3,10746.85,2,0.0,True
B1909,P1909,AI230,2025-11-14 11:37:36.952,PENDING,31B,False,5b87b0a7e1b25126,,0,,False
B1910,P1505,UK162,2025-06-10 11:37:36.952,CANCELLED,5C,False,81bc38d9808ebf9f,21554.05,2,0.0,True
B1911,P1181,AI066,2025-05-29 11:37:36.952,PENDING,27C,False,1c27b477c9bebe49,,0,,False
B1912,P1710,6F205,2025-09-09 11:37:36.952,CANCELLED,19D,False,a8a790d66faaf92e,6279.57,1,0.0,True
B1913,P1813,AI124,2025-05-24 11:37:36.952,CONFIRMED,27B,False,63c6702faaecb3de,15295.38,2,0.0,True
B1914,P1766,UK114,2025-10-19 11:37:36.952,PENDING,20A,False,295930ef9e473247,5079.38,1,0.0,True
B1915,P1633,AI231,2025-06-03 11:37:36.952,CANCELLED,18B,False,93217d0125710473,1162.01,1,0.0,True
B1916,P1542,AI113,2025-10-30 11:37:36.952,CONFIRMED,7D,False,c5f3d0ed5c865429,3156.86,1,0.0,True
B1917,P1983,UK180,2025-08-03 11:37:36.952,UNKNOWN,27A,True,f0ab07ae284944c1,,0,,False
B1918,P1314,UK180,2025-10-07 11:37:36.952,CONFIRMED,2B,False,e79a3624583d1416,4095.57,2,0.0,True
B1919,P1990,6F080,2026-03-17 11:37:36.952,PENDING,7C,False,42b86df1f4d18556,,0,,False
B1920,P1796,SJ095,2025-05-11 11:37:36.952,PENDING,14A,False,08d6c20bb86047ff,,0,,False
B1921,P1617,SJ115,2025-04-24 11:37:36.952,CANCELLED,21F,False,57a7d0be620247af,9627.04,1,0.0,True
B1922,P1735,AI142,2025-05-14 11:37:36.952,CONFIRMED,7D,False,76bbb7f55c66e12c,19566.92,2,0.0,True
B1923,P1272,UK169,2025-11-28 11:37:36.952,CANCELLED,33F,False,4fe4711f446aee72,8467.53,2,1.0,True
B1924,P1909,SJ041,2025-05-04 11:37:36.952,CANCELLED,27D,False,2b94ef8bfce73fca,4739.01,1,0.0,True
B1925,P1231,UK171,2025-04-20 11:37:36.952,CONFIRMED,7D,False,7be9b35df3392fa7,29535.22,3,0.0,True
B1926,P1419,AI081,2025-11-27 11:37:36.952,CANCELLED,18F,False,ae9ee5009c211902,,0,,False
B1927,P1767,AI162,2026-01-28 11:37:36.952,PENDING,27D,False,82738c605a35a73f,,0,,False
B1928,P1441,SJ037,2026-01-23 11:37:36.952,CANCELLED,6F,False,be1df26be85d0c9d,6983.66,1,0.0,True
B1929,P1495,SJ037,2025-11-05 11:37:36.952,CONFIRMED,6A,False,4c4c2aa6f5e473fe,,0,,False
B1930,P1023,UK080,2025-12-16 11:37:36.952,PENDING,3B,False,f3fa212afce37975,1625.9,2,1.0,True
B1931,P1108,SJ031,2025-09-26 11:37:36.952,PENDING,16C,False,2463db578194cc1c,10011.51,1,0.0,True
B1932,P1702,AI199,2025-12-28 11:37:36.952,CANCELLED,4B,False,f78e17f518049be0,8636.39,2,1.0,True
B1933,P1501,6F082,2025-05-28 11:37:36.952,CANCELLED,7B,False,8916e911457d4f0b,,0,,False
B1934,P1858,UK217,2026-04-12 11:37:36.952,PENDING,9F,False,0225eb7bf2cc975c,10978.81,1,0.0,True
B1935,P1024,UK014,2026-04-13 11:37:36.952,CANCELLED,6C,False,006980e1e8e72fd4,,0,,False
B1936,P1186,SJ180,2026-01-11 11:37:36.952,CONFIRMED,14D,False,74d08cf9799b2ecf,11286.73,2,0.0,True
B1937,P1287,6F268,2026-02-19 11:37:36.952,CANCELLED,16E,False,5d0a168d31c8f453,6825.66,1,0.0,True
B1938,P1627,UK205,2026-04-07 11:37:36.952,CANCELLED,19B,False,6c99a51a7ca73d59,12242.79,1,0.0,True
B1939,P1337,SJ212,2025-07-22 11:37:36.952,PENDING,22B,False,e753d454489494b8,41153.63,4,0.0,True
B1940,P1877,UK052,2025-06-25 11:37:36.952,CANCELLED,17C,False,2633493434a42398,18574.85,2,0.0,True
B1941,P1913,UK230,2025-06-13 11:37:36.952,CANCELLED,19D,False,7b0147e4c048c13e,1551.73,1,0.0,True
B1942,P1036,AI145,2025-07-18 11:37:36.952,CANCELLED,23D,False,9caae84784964ff2,1755.58,1,0.0,True
B1943,P1793,SJ035,2026-03-13 11:37:36.952,CONFIRMED,7E,False,c6458b69507cc2a1,14420.98,2,0.0,True
B1944,P1136,SJ184,2025-07-20 11:37:36.952,CANCELLED,10B,False,6d1cfac350fd485d,12698.08,2,0.0,True
B1945,P1507,6F207,2025-11-03 11:37:36.952,CONFIRMED,24A,False,39a0dc3e45d44c87,,0,,False
B1946,P1226,UK144,2026-03-30 11:37:36.952,CONFIRMED,15A,False,6979554ccbecf427,11196.94,1,0.0,True
B1947,P1319,AI126,2025-10-22 11:37:36.952,CONFIRMED,1A,False,7e4f076cb1be1208,2186.2,1,0.0,True
B1948,P1839,SJ145,2025-05-19 11:37:36.952,CONFIRMED,10A,False,fe908a3735f5732f,14449.69,2,0.0,True
B1949,P1915,6F040,2025-05-16 11:37:36.952,PENDING,15B,False,59fe329c18cc3a99,14360.11,2,0.0,True
B1950,P1181,UK049,2025-06-15 11:37:36.952,CONFIRMED,21B,False,fa70d56cddb44e61,,0,,False
B1951,P1873,UK049,2026-03-18 11:37:36.952,CANCELLED,3F,False,19a9d43ef39eae49,12831.14,1,0.0,True
B1952,P1085,AI087,2025-10-18 11:37:36.952,CONFIRMED,2C,False,69e7202039e14d4a,10237.24,1,0.0,True
B1953,P1466,AI152,2025-05-24 11:37:36.952,CANCELLED,19A,False,583d4a72a40360e0,12741.76,1,0.0,True
B1954,P1925,SJ240,2025-11-06 11:37:36.952,CONFIRMED,2A,False,79bf7cbd6311688c,14524.79,1,0.0,True
B1955,P1052,AI212,2025-09-14 11:37:36.952,PENDING,22B,False,954ed93af23c7ac5,,0,,False
B1956,P1859,AI064,2025-09-21 11:37:36.952,CONFIRMED,3B,False,4bca62185bb25558,,0,,False
B1957,P1866,6F093,2025-06-07 11:37:36.952,CONFIRMED,32E,False,d6e3860ec9c3f534,4851.79,1,0.0,True
B1958,P1234,AI118,2025-04-28 11:37:36.952,PENDING,29C,False,1f050898bc8dfd09,2727.84,2,0.0,True
B1959,P1958,AI172,2025-12-19 11:37:36.952,CONFIRMED,23D,False,6cc48579a644e7da,17094.08,2,0.0,True
B1960,P1778,6F183,2026-01-30 11:37:36.952,CANCELLED,27E,False,0d2f4eb7006f2576,14657.97,1,0.0,True
B1961,P1798,6F200,2025-07-15 11:37:36.952,CONFIRMED,28A,False,dd8e57d8a47a2888,,0,,False
B1962,P1432,SJ077,2025-12-23 11:37:36.952,CONFIRMED,18C,False,5a584b39766aa6d3,30993.24,4,0.0,True
B1963,P1495,UK030,2026-02-24 11:37:36.952,CONFIRMED,27F,False,9e7d472e509dde59,,0,,False
B1964,P1998,SJ232,2025-05-21 11:37:36.952,PENDING,18B,False,593432594f1b3d9b,,0,,False
B1965,P1099,6F090,2026-01-29 11:37:36.952,CONFIRMED,20D,False,4aea050e69ef08a5,,0,,False
B1966,P1989,UK002,2025-11-06 11:37:36.952,CONFIRMED,12B,False,abf57d6a6f9c4cb3,34300.32,3,0.0,True
B1967,P1598,AI154,2025-07-03 11:37:36.952,CANCELLED,22C,False,bbf7e3245aa803ad,12518.31,1,0.0,True
B1968,P1402,6F089,2025-10-11 11:37:36.952,CONFIRMED,2D,False,46a933da44654876,14600.78,1,0.0,True
B1969,P1395,6F218,2026-04-08 11:37:36.952,CONFIRMED,29A,False,c7b2a9f9d4efbe1b,13598.0,1,0.0,True
B1970,P1526,6F241,2025-11-26 11:37:36.952,CONFIRMED,12B,False,1e72b45992f44482,4558.49,1,0.0,True
B1971,P1414,6F116,2025-08-20 11:37:36.952,CONFIRMED,2B,False,b177930e1fc94637,,0,,False
B1972,P1938,UK199,2025-04-18 11:37:36.952,CANCELLED,19B,False,0d2aeafd861052f6,5458.57,1,0.0,True
B1973,P1612,SJ033,2025-04-28 11:37:36.952,CANCELLED,8C,False,8aeeba47055bf7f4,,0,,False
B1974,P1676,AI210,2025-08-03 11:37:36.952,PENDING,15B,False,7bb710dce0ca2a59,,0,,False
B1975,P1462,UK148,2025-08-26 11:37:36.952,UNKNOWN,20E,True,7cec740f65e1d0a7,7791.01,1,0.0,True
B1976,P1540,AI229,2025-08-27 11:37:36.952,PENDING,16F,False,ae197a703f7241dc,8576.26,1,0.0,True
B1977,P1625,UK005,2026-01-01 11:37:36.952,PENDING,4A,False,95a00be94714eb41,,0,,False
B1978,P1618,SJ080,2025-12-07 11:37:36.952,CONFIRMED,12C,False,1e8d9f684d59ded4,9450.85,1,0.0,True
B1979,P1921,SJ092,2025-12-02 11:37:36.952,CANCELLED,1F,False,1890d927c1b8e911,,0,,False
B1980,P1363,SJ055,2025-12-04 11:37:36.952,CANCELLED,15A,False,1798efb40e780860,12102.14,1,0.0,True
B1981,P1129,AI239,2025-05-17 11:37:36.952,CONFIRMED,19D,False,a5a9449ca5124f23,12166.27,2,0.0,True
B1982,P1083,6F162,2025-06-17 11:37:36.952,UNKNOWN,7A,True,e01272149902d619,,0,,False
B1983,P1270,UK101,2025-06-28 11:37:36.952,UNKNOWN,27A,True,8c085a62e93a3ba4,9117.5,1,0.0,True
B1984,P1243,6F198,2025-04-25 11:37:36.952,CONFIRMED,27F,False,dca07a37e892166f,19611.19,2,0.0,True
B1985,P1387,6F239,2025-09-28 11:37:36.952,CONFIRMED,31F,False,2013cfc2699d9715,,0,,False
B1986,P1213,SJ177,2025-10-07 11:37:36.952,CONFIRMED,13F,False,0e137eff08deac61,,0,,False
B1987,P1817,6F044,2026-03-12 11:37:36.952,CANCELLED,19F,False,c034c3bfb53323da,8733.92,2,0.0,True
B1988,P1165,6F248,2026-02-17 11:37:36.952,PENDING,13A,False,85a7258bb57055d4,13945.28,1,0.0,True
B1989,P1790,6F002,2025-12-10 11:37:36.952,UNKNOWN,16F,True,687c03454265caf7,,0,,False
B1990,P1058,SJ197,2026-03-31 11:37:36.952,CONFIRMED,14B,False,2df7d47f67a47ba7,14394.7,3,1.0,True
B1991,P1601,UK091,2026-01-14 11:37:36.952,CANCELLED,22E,False,f1b9a62b234462b9,,0,,False
B1992,P1882,6F215,2025-04-25 11:37:36.952,CONFIRMED,25C,False,05e2bb65336b9d14,14003.06,3,0.0,True
B1993,P1842,AI093,2026-03-11 11:37:36.952,CANCELLED,5B,False,79e9cbeb16da8bc5,,0,,False
B1994,P1923,UK090,2026-03-31 11:37:36.952,CONFIRMED,21D,False,50960d6c494c2064,,0,,False
B1995,P1503,SJ005,2025-11-20 11:37:36.952,CANCELLED,11C,False,92a83f7829c39b53,,0,,False
B1996,P1705,UK106,2025-08-08 11:37:36.952,CANCELLED,27E,False,049e80abe9c37861,10358.84,1,0.0,True
B1997,P1122,6F223,2025-05-03 11:37:36.952,PENDING,27B,False,17567abe6383d997,,2,2.0,True
B1998,P1647,6F011,2025-10-23 11:37:36.952,CONFIRMED,14C,False,e0daa0f636647993,18385.6,2,0.0,True
B1999,P1412,UK124,2025-08-08 11:37:36.952,UNKNOWN,12B,True,dd75a8115bdbeeee,2806.06,1,0.0,True
